SET search_path TO public, extensions;

INSERT INTO auth.users (instance_id,
                        id,
                        aud,
                        role,
                        email,
                        encrypted_password,
                        email_confirmed_at,
                        recovery_sent_at,
                        last_sign_in_at,
                        raw_app_meta_data,
                        raw_user_meta_data,
                        created_at,
                        updated_at,
                        confirmation_token,
                        email_change,
                        email_change_token_new,
                        recovery_token)
VALUES ('00000000-0000-0000-0000-000000000000',
        gen_random_uuid(),
        'authenticated',
        'authenticated',
        'admin@eazyrecycling.nl',
        extensions.crypt('password123', extensions.gen_salt('bf'::text)),
        current_timestamp,
        current_timestamp,
        current_timestamp,
        '{"provider":"email","providers":["email"]}',
        jsonb_build_object('first_name', 'Aad', 'last_name', 'Admin', 'roles', array ['admin', 'planner']),
        current_timestamp,
        current_timestamp,
        '',
        '',
        '',
        ''),
        ('00000000-0000-0000-0000-000000000000',
        gen_random_uuid(),
        'authenticated',
        'authenticated',
        'planner@eazyrecycling.nl',
        extensions.crypt('password123', extensions.gen_salt('bf'::text)),
        current_timestamp,
        current_timestamp,
        current_timestamp,
        '{"provider":"email","providers":["email"]}',
        jsonb_build_object('first_name', 'Peter', 'last_name', 'Planner', 'roles', array ['planner']),
        current_timestamp,
        current_timestamp,
        '',
        '',
        '',
        ''),
        ('00000000-0000-0000-0000-000000000000',
        gen_random_uuid(),
        'authenticated',
        'authenticated',
        'chauffeur@eazyrecycling.nl',
        extensions.crypt('password123', extensions.gen_salt('bf'::text)),
        current_timestamp,
        current_timestamp,
        current_timestamp,
        '{"provider":"email","providers":["email"]}',
        jsonb_build_object('first_name', 'Sjaak', 'last_name', 'Chauffeur', 'roles', array ['chauffeur']),
        current_timestamp,
        current_timestamp,
        '',
        '',
        '',
        '');

-- Insert user roles referencing the generated user IDs
INSERT INTO "public"."user_roles" ("user_id", "role")
VALUES
    -- admin@eazyrecycling.nl gets admin, planner, and chauffeur roles
    ((SELECT id FROM auth.users WHERE email = 'admin@eazyrecycling.nl'), 'admin'),
    ((SELECT id FROM auth.users WHERE email = 'admin@eazyrecycling.nl'), 'planner'),
    ((SELECT id FROM auth.users WHERE email = 'admin@eazyrecycling.nl'), 'chauffeur'),
    -- planner@eazyrecycling.nl gets planner role
    ((SELECT id FROM auth.users WHERE email = 'planner@eazyrecycling.nl'), 'planner'),
    -- chauffeur@eazyrecycling.nl gets chauffeur role
    ((SELECT id FROM auth.users WHERE email = 'chauffeur@eazyrecycling.nl'), 'chauffeur');

INSERT INTO "public"."trucks" ("license_plate", "brand", "description", "last_modified_at") VALUES
	('86-BVB-6', 'Scania', 'Haakarm', '2025-09-19 10:56:08.866574+00');

INSERT INTO "public"."eural" ("code", "description", "created_at", "created_by", "last_modified_at", "last_modified_by")
VALUES ('09 01 11*', 'wegwerpcamera''s met onder 16 06 01, 16 06 02 of 16 06 03 vermelde batterijen 09 01 12 niet onder 09 01 11 vallende wegwerpcamera''s met batterijen', '2025-12-01 10:42:32.519602+00', null, '2025-12-01 10:42:32.519602+00', null),
       ('16 01 17', 'ferrometalen', '2025-12-01 10:42:32.519602+00', null, '2025-12-01 10:42:32.519602+00', null),
       ('16 01 18', 'non-ferrometalen', '2025-12-01 10:42:32.519602+00', null, '2025-12-01 10:42:32.519602+00', null),
       ('16 02 13*', 'niet onder 16 02 09 tot en met 16 02 12 vallende afgedankte apparatuur die gevaarlijke onderdelen bevat', '2025-12-01 10:42:32.519602+00', null, '2025-12-01 10:42:32.519602+00', null),
       ('16 02 14', 'niet onder 16 02 09 tot en met 16 02 13 vallende afgedankte apparatuur', '2025-12-01 10:42:32.519602+00', null, '2025-12-01 10:42:32.519602+00', null),
       ('16 02 15*', 'uit afgedankte apparatuur verwijderde gevaarlijke onderdelen', '2025-12-01 10:42:32.519602+00', null, '2025-12-01 10:42:32.519602+00', null),
       ('16 02 16', 'niet onder 16 02 15 vallende uit afgedankte apparatuur verwijderde onderdelen (trafo''s en elektromotoren)', '2025-12-01 10:42:32.519602+00', null, '2025-12-01 10:42:32.519602+00', null),
       ('16 06 01', 'loodaccus', '2025-12-18 15:18:12.039137+00', 'Aad Admin', '2025-12-18 15:18:12.039137+00', 'Aad Admin'),
       ('16 06 01*', 'loodaccu''s', '2025-12-01 10:42:32.519602+00', null, '2025-12-01 10:42:32.519602+00', null),
       ('16 06 02*', 'NiCd-batterijen', '2025-12-01 10:42:32.519602+00', null, '2025-12-01 10:42:32.519602+00', null),
       ('17 04 01', 'koper, brons en messing', '2025-12-01 10:42:32.519602+00', null, '2025-12-01 10:42:32.519602+00', null),
       ('17 04 02', 'aluminium', '2025-12-01 10:42:32.519602+00', null, '2025-12-01 10:42:32.519602+00', null),
       ('17 04 03', 'lood', '2025-12-01 10:42:32.519602+00', null, '2025-12-01 10:42:32.519602+00', null),
       ('17 04 04', 'zink', '2025-12-01 10:42:32.519602+00', null, '2025-12-01 10:42:32.519602+00', null),
       ('17 04 05', 'ijzer en staal', '2025-12-01 10:42:32.519602+00', null, '2025-12-01 10:42:32.519602+00', null),
       ('17 04 06', 'tin', '2025-12-01 10:42:32.519602+00', null, '2025-12-01 10:42:32.519602+00', null),
       ('17 04 07', 'gemengde metalen', '2025-12-01 10:42:32.519602+00', null, '2025-12-01 10:42:32.519602+00', null),
       ('17 04 11', 'niet onder 17 04 10 vallende kabels', '2025-12-01 10:42:32.519602+00', null, '2025-12-01 10:42:32.519602+00', null),
       ('19 12 02', 'ferrometalen', '2025-12-18 15:18:43.605022+00', 'Aad Admin', '2025-12-18 15:18:43.605022+00', 'Aad Admin'),
       ('19 12 10', 'brandbaar afval (RDF)', '2025-12-01 10:42:32.519602+00', null, '2025-12-01 10:42:32.519602+00', null),
       ('19 12 11*', 'overig afval (inclusief mengsels van materialen) van mechanische afvalverwerking dat gevaarlijke stoffen bevat', '2025-12-01 10:42:32.519602+00', null, '2025-12-01 10:42:32.519602+00', null),
       ('19 12 12 o', 'overig, niet onder 19 12 11 vallend afval (inclusief mengsels van materialen) van mechanische afvalverwerking', '2025-12-01 10:42:32.519602+00', null, '2025-12-01 10:42:32.519602+00', null),
       ('20 01 33*', 'onder 16 06 01, 16 06 02 of 16 06 03 vermelde batterijen en accu’s alsmede ongesorteerde mengsels van batterijen en accu''s die dergelijke batterijen en accu''s bevatten', '2025-12-01 10:42:32.519602+00', null, '2025-12-01 10:42:32.519602+00', null),
       ('20 01 34', 'niet onder 20 01 33 vallende batterijen en accu''s', '2025-12-01 10:42:32.519602+00', null, '2025-12-01 10:42:32.519602+00', null),
       ('20 01 35', 'niet onder 20 01 21 en 20 01 23 vallende afgedankte elektrische en elektronische apparatuur die gevaarlijke onderdelen (6) bevat', '2025-12-18 15:18:26.278958+00', 'Aad Admin', '2025-12-18 15:18:26.278958+00', 'Aad Admin'),
       ('20 01 35*', 'niet onder 20 01 21 en 20 01 23 vallende afgedankte elektrische en elektronische apparatuur die gevaarlijke onderdelen bevat', '2025-12-01 10:42:32.519602+00', null, '2025-12-01 10:42:32.519602+00', null),
       ('20 01 36', 'niet onder 20 01 21, 20 01 23 en 20 01 35 vallende afgedankte elektrische en elektronische apparatuur', '2025-12-01 10:42:32.519602+00', null, '2025-12-01 10:42:32.519602+00', null),
       ('20 01 40', 'metalen', '2025-12-01 10:42:32.519602+00', null, '2025-12-01 10:42:32.519602+00', null);

INSERT INTO "public"."processing_methods" ("code", "description", "created_at", "created_by", "last_modified_at", "last_modified_by")
VALUES ('A.01', 'Bewaren', '2025-12-01 10:42:32.519602+00', null, '2025-12-01 10:42:32.519602+00', null),
       ('A.02', 'Overslag / opbulken', '2025-12-01 10:42:32.519602+00', null, '2025-12-01 10:42:32.519602+00', null),
       ('B.01', 'Inzetten als veevoer', '2025-12-01 10:42:32.519602+00', null, '2025-12-01 10:42:32.519602+00', null),
       ('B.02', 'Inzetten als meststof', '2025-12-01 10:42:32.519602+00', null, '2025-12-01 10:42:32.519602+00', null),
       ('B.03', 'Inzetten als bouwstof', '2025-12-01 10:42:32.519602+00', null, '2025-12-01 10:42:32.519602+00', null),
       ('B.04', 'Inzetten als brandstof', '2025-12-01 10:42:32.519602+00', null, '2025-12-01 10:42:32.519602+00', null),
       ('B.05', 'Overig inzetten als grondstof', '2025-12-01 10:42:32.519602+00', null, '2025-12-01 10:42:32.519602+00', null),
       ('C.01', 'Breken', '2025-12-01 10:42:32.519602+00', null, '2025-12-01 10:42:32.519602+00', null),
       ('C.02', 'Shredden / knippen', '2025-12-01 10:42:32.519602+00', null, '2025-12-01 10:42:32.519602+00', null),
       ('C.03', 'Sorteren/scheiden', '2025-12-01 10:42:32.519602+00', null, '2025-12-01 10:42:32.519602+00', null),
       ('C.04', 'Immobiliseren voor hergebruik', '2025-12-01 10:42:32.519602+00', null, '2025-12-01 10:42:32.519602+00', null),
       ('D.01', 'Chemisch/fysisch scheiden', '2025-12-01 10:42:32.519602+00', null, '2025-12-01 10:42:32.519602+00', null),
       ('D.02', 'ONO is ontgiften, neutraliseren en ontwateren', '2025-12-01 10:42:32.519602+00', null, '2025-12-01 10:42:32.519602+00', null),
       ('D.03', 'Destilleren', '2025-12-01 10:42:32.519602+00', null, '2025-12-01 10:42:32.519602+00', null),
       ('D.04', 'Metaal terugwinnen (chemisch)', '2025-12-01 10:42:32.519602+00', null, '2025-12-01 10:42:32.519602+00', null),
       ('D.05', 'Extractief reinigen (grond)', '2025-12-01 10:42:32.519602+00', null, '2025-12-01 10:42:32.519602+00', null),
       ('D.06', 'Oxidatie onder hoge druk', '2025-12-01 10:42:32.519602+00', null, '2025-12-01 10:42:32.519602+00', null),
       ('E.01', 'Vergisten', '2025-12-01 10:42:32.519602+00', null, '2025-12-01 10:42:32.519602+00', null),
       ('E.02', 'Composteren, anaeroob', '2025-12-01 10:42:32.519602+00', null, '2025-12-01 10:42:32.519602+00', null),
       ('E.03', 'Composteren, aeroob', '2025-12-01 10:42:32.519602+00', null, '2025-12-01 10:42:32.519602+00', null),
       ('E.04', 'Biologisch reinigen (water)', '2025-12-01 10:42:32.519602+00', null, '2025-12-01 10:42:32.519602+00', null),
       ('E.05', 'Biologisch reinigen (grond)', '2025-12-01 10:42:32.519602+00', null, '2025-12-01 10:42:32.519602+00', null),
       ('F.01', 'Verbranden in roosterovens', '2025-12-01 10:42:32.519602+00', null, '2025-12-01 10:42:32.519602+00', null),
       ('F.02', 'Verbranden in draaitrommelovens', '2025-12-01 10:42:32.519602+00', null, '2025-12-01 10:42:32.519602+00', null),
       ('F.03', 'Pyrolyse', '2025-12-01 10:42:32.519602+00', null, '2025-12-01 10:42:32.519602+00', null),
       ('F.04', 'Vergassen', '2025-12-01 10:42:32.519602+00', null, '2025-12-01 10:42:32.519602+00', null),
       ('F.05', 'Uitgloeien (grond)', '2025-12-01 10:42:32.519602+00', null, '2025-12-01 10:42:32.519602+00', null),
       ('F.06', 'Verbranden met terugwinnen materiaal (chloor, zwavel ..)', '2025-12-01 10:42:32.519602+00', null, '2025-12-01 10:42:32.519602+00', null),
       ('F.07', 'Verbranden met terugwinnen energie (bijstoken)', '2025-12-01 10:42:32.519602+00', null, '2025-12-01 10:42:32.519602+00', null),
       ('G.01', 'Direct storten', '2025-12-01 10:42:32.519602+00', null, '2025-12-01 10:42:32.519602+00', null),
       ('G.02', 'Immobiliseren', '2025-12-01 10:42:32.519602+00', null, '2025-12-01 10:42:32.519602+00', null);

INSERT INTO "public"."catalog_item_categories" ("type", "code", "name", "description", "created_at", "created_by", "last_modified_at", "last_modified_by", "id")
VALUES ('MATERIAL', '014', 'Nikkel', '', '2025-12-01 09:25:09.143787+00', null, '2025-12-01 09:25:09.143787+00', null, '02004267-9eac-42f9-b1cb-2905840bd1bc'),
       ('MATERIAL', '007', 'Diversen', '', '2025-12-01 09:25:09.143787+00', null, '2025-12-01 09:25:09.143787+00', null, '03b74bd6-3ad6-4190-a640-e4138382e051'),
       ('MATERIAL', 'W2', 'WEEEA2', '', '2025-12-01 09:25:09.143787+00', null, '2025-12-01 09:25:09.143787+00', null, '088e4632-ce28-4fbb-a1d5-f336dc8ca471'),
       ('PRODUCT', '011', 'Transport', '', '2025-12-01 09:25:09.143787+00', null, '2025-12-01 09:25:09.143787+00', null, '17d77da7-cb1a-4a6f-8e62-5c2ffc7a496d'),
       ('MATERIAL', '008', 'Raffineer', '', '2025-12-01 09:25:09.143787+00', null, '2025-12-01 09:25:09.143787+00', null, '1a13c486-db58-4957-b454-a43766d06fbb'),
       ('MATERIAL', 'W4', 'WEEEA4', '', '2025-12-01 09:25:09.143787+00', null, '2025-12-01 09:25:09.143787+00', null, '1c5fcaa2-4a9a-4d3e-b5eb-458693d43e81'),
       ('MATERIAL', '004', 'Aluminium', '', '2025-12-01 09:25:09.143787+00', null, '2025-12-01 09:25:09.143787+00', null, '3ca8d7ea-d939-440e-b9f1-910795aee977'),
       ('MATERIAL', '005', 'RVS', '', '2025-12-01 09:25:09.143787+00', null, '2025-12-01 09:25:09.143787+00', null, '48da8b01-7a57-4027-ba03-fb0b2b950b80'),
       ('MATERIAL', '003', 'Messing', '', '2025-12-01 09:25:09.143787+00', null, '2025-12-01 09:25:09.143787+00', null, '5438cfa9-f397-4536-a8f5-8681a8dc37f0'),
       ('MATERIAL', 'W3', 'WEEEA3', '', '2025-12-01 09:25:09.143787+00', null, '2025-12-01 09:25:09.143787+00', null, '5f4f39ad-17d6-477d-806e-5d452b312b83'),
       ('MATERIAL', '012', 'Afvoer', '', '2025-12-01 09:25:09.143787+00', null, '2025-12-01 09:25:09.143787+00', null, '67ddf59c-6455-4111-8fb6-37a8552d52b5'),
       ('MATERIAL', 'W1', 'WEEEA1', '', '2025-12-01 09:25:09.143787+00', null, '2025-12-01 09:25:09.143787+00', null, '6ee2f6bc-42b9-478d-9059-8b9a09031012'),
       ('MATERIAL', '001', 'Koper', '', '2025-12-01 09:25:09.143787+00', null, '2025-12-01 09:25:09.143787+00', null, '7cf92eff-d41b-489f-8a44-c9c9347fc33f'),
       ('MATERIAL', '013', 'Brons', '', '2025-12-01 09:25:09.143787+00', null, '2025-12-01 09:25:09.143787+00', null, '7f4a843b-8278-40ac-ba25-56ce03aff9df'),
       ('MATERIAL', '006', 'Sloop', '', '2025-12-01 09:25:09.143787+00', null, '2025-12-01 09:25:09.143787+00', null, 'a5cae95a-2185-43a1-8f32-4dd09c7d3dfe'),
       ('MATERIAL', 'W5', 'WEEEA5', null, '2025-12-01 09:25:09.143787+00', null, '2025-12-01 09:25:09.143787+00', null, 'c2433219-ee6d-48a8-96f7-b0c3f35328ed'),
       ('MATERIAL', '009', 'Ijzer', null, '2025-12-01 09:25:09.143787+00', null, '2025-12-01 09:25:09.143787+00', null, 'c2697524-b2a2-45df-b691-abe9c5a2a1c6'),
       ('MATERIAL', '010', 'ICT', null, '2025-12-01 09:25:09.143787+00', null, '2025-12-01 09:25:09.143787+00', null, 'c801c5aa-f7bf-4637-b5bc-4b36feef4ad0'),
       ('MATERIAL', 'W6', 'WEEEA6', null, '2025-12-01 09:25:09.143787+00', null, '2025-12-01 09:25:09.143787+00', null, 'dbc8d737-ecd6-4697-bfef-875f00776c4f'),
       ('MATERIAL', '002', 'Kabel', '', '2025-12-01 09:25:09.143787+00', null, '2025-12-01 09:25:09.143787+00', null, 'e11b60ff-5552-49bf-b545-7c2358ccdeb2');


INSERT INTO "public"."vat_rates" ("vat_code", "percentage", "valid_from", "valid_to", "country_code", "description", "created_at", "created_by", "last_modified_at", "last_modified_by")
VALUES ('HOOG', '21', '2024-12-31 23:00:00+00', null, 'NL', 'Hoog BTW tarief', '2026-01-12 12:17:00.151163+00', 'Aad Admin', '2026-01-12 12:17:00.151163+00', 'Aad Admin'),
       ('LAAG', '9', '2024-12-31 23:00:00+00', null, 'NL', 'Laag BTW tarief', '2026-01-12 12:17:23.437526+00', 'Aad Admin', '2026-01-12 12:17:23.437526+00', 'Aad Admin'),
       ('VRIJGESTELD', '0', '2024-12-31 23:00:00+00', null, 'NL', 'Vrijgesteld van BTW', '2026-01-12 12:17:44.657772+00', 'Aad Admin', '2026-01-12 12:17:44.657772+00', 'Aad Admin');

INSERT INTO "public"."catalog_items" ("type", "code", "name", "unit_of_measure", "vat_code", "consignor_party_id", "default_price", "status", "purchase_account_number", "sales_account_number", "created_at", "created_by", "last_modified_at", "last_modified_by", "id", "category_id")
VALUES ('MATERIAL', '8011', 'Lood', 'kg', 'HOOG', null, null, 'ACTIVE', '6115', '8030', '2025-12-01 09:25:09.143787+00', null, '2025-12-01 09:25:09.143787+00', null, '010a3d89-9680-49cc-98ff-9ccd50800976', '03b74bd6-3ad6-4190-a640-e4138382e051'),
       ('MATERIAL', '4008', 'Messing Hulzen', 'kg', 'HOOG', null, null, 'ACTIVE', '6115', '8030', '2025-12-01 09:25:09.143787+00', null, '2025-12-01 09:25:09.143787+00', null, '010f81ff-2b90-4d13-b70b-ae74ecf6ec69', '5438cfa9-f397-4536-a8f5-8681a8dc37f0'),
       ('MATERIAL', '4001', 'Brons', 'kg', 'HOOG', null, null, 'ACTIVE', '6115', '8030', '2025-12-01 09:25:09.143787+00', null, '2025-12-01 09:25:09.143787+00', null, '02828db6-6876-4da2-862f-a0f8d5673625', '7f4a843b-8278-40ac-ba25-56ce03aff9df'),
       ('MATERIAL', '9013', 'Draaisel Koper', 'kg', 'HOOG', null, null, 'ACTIVE', '6115', '8030', '2025-12-01 09:25:09.143787+00', null, '2025-12-01 09:25:09.143787+00', null, '029f5293-b25c-4bc9-a95f-75fbe7bf62d8', '7cf92eff-d41b-489f-8a44-c9c9347fc33f'),
       ('MATERIAL', 'LOODS', 'tbv loodswegingen', 'kg', 'HOOG', null, null, 'ACTIVE', '6115', '8030', '2025-12-01 09:25:09.143787+00', null, '2025-12-01 09:25:09.143787+00', null, '0314fa20-5569-4bad-8dd9-0d4c8fcd1d5b', '03b74bd6-3ad6-4190-a640-e4138382e051'),
       ('MATERIAL', '12', 'Ijzer extern afgevoerd van locatie', 'kg', 'HOOG', null, null, 'ACTIVE', '6115', '8030', '2025-12-01 09:25:09.143787+00', null, '2025-12-01 09:25:09.143787+00', null, '05ad4518-9db8-4a0c-9a8b-e1bac2be0cbd', 'c2697524-b2a2-45df-b691-abe9c5a2a1c6'),
       ('MATERIAL', '7013', 'Computerkasten compleet', 'kg', 'HOOG', null, null, 'ACTIVE', '6115', '8030', '2025-12-01 09:25:09.143787+00', null, '2025-12-01 09:25:09.143787+00', null, '06393829-2f58-43c4-92c2-e0b01eb60062', 'dbc8d737-ecd6-4697-bfef-875f00776c4f'),
       ('MATERIAL', '3004', 'Aluminium gegoten', 'kg', 'HOOG', null, null, 'ACTIVE', '6115', '8030', '2025-12-01 09:25:09.143787+00', null, '2025-12-01 09:25:09.143787+00', null, '066bc7d4-74f3-4350-bbab-6c4af7b852ef', '3ca8d7ea-d939-440e-b9f1-910795aee977'),
       ('MATERIAL', '1014', 'Kabel Papier 80%', 'kg', 'HOOG', null, null, 'ACTIVE', '6115', '8030', '2025-12-01 09:25:09.143787+00', null, '2025-12-01 09:25:09.143787+00', null, '06b5a2a4-3021-485d-a9da-e9308176804d', 'e11b60ff-5552-49bf-b545-7c2358ccdeb2'),
       ('MATERIAL', 'E4/27', 'Armaturen met geintegreerde led (>750g)*', 'kg', 'HOOG', null, null, 'ACTIVE', null, null, '2025-12-01 09:25:09.143787+00', null, '2025-12-01 09:25:09.143787+00', null, '07cad432-4aa0-4ac8-928d-6ccf4d8bcc28', '1c5fcaa2-4a9a-4d3e-b5eb-458693d43e81'),
       ('MATERIAL', '9001', 'Draaisel RVS 304', 'kg', 'HOOG', null, null, 'ACTIVE', '6115', '8030', '2025-12-01 09:25:09.143787+00', null, '2025-12-01 09:25:09.143787+00', null, '089e6391-e331-4274-80a1-ac980d7b2202', '48da8b01-7a57-4027-ba03-fb0b2b950b80'),
       ('MATERIAL', '1002', 'Kabel autokabel schoon', 'kg', 'HOOG', null, null, 'ACTIVE', '6115', '8030', '2025-12-01 09:25:09.143787+00', null, '2025-12-01 09:25:09.143787+00', null, '08d2fadb-fb96-4bf9-8770-cffdad765353', 'c2433219-ee6d-48a8-96f7-b0c3f35328ed'),
       ('MATERIAL', '3013', 'Aluminium Blik', 'kg', 'HOOG', null, null, 'ACTIVE', '6115', '8030', '2025-12-01 09:25:09.143787+00', null, '2025-12-01 09:25:09.143787+00', null, '08fcba68-79eb-4b45-b01b-fe7dd1ce5f32', '3ca8d7ea-d939-440e-b9f1-910795aee977'),
       ('MATERIAL', '9064', 'Afvoer BSA', 'kg', 'HOOG', null, null, 'ACTIVE', '8030', '8030', '2025-12-01 09:25:09.143787+00', null, '2025-12-01 09:25:09.143787+00', null, '0a3922c3-55ea-4643-b189-72059dd5d86e', '67ddf59c-6455-4111-8fb6-37a8552d52b5'),
       ('MATERIAL', '9007', 'Draaisel Duplex', 'kg', 'HOOG', null, null, 'ACTIVE', '6115', '8030', '2025-12-01 09:25:09.143787+00', null, '2025-12-01 09:25:09.143787+00', null, '0b100657-3ef2-4dac-a5c2-6d6454af99ab', '48da8b01-7a57-4027-ba03-fb0b2b950b80'),
       ('MATERIAL', '8031', 'Warmtepomp', 'kg', 'HOOG', null, null, 'ACTIVE', null, null, '2025-12-01 09:25:09.143787+00', null, '2025-12-01 09:25:09.143787+00', null, '0bb0bdf6-74d4-4dcb-abc0-a962c47cc484', '1c5fcaa2-4a9a-4d3e-b5eb-458693d43e81'),
       ('MATERIAL', 'E4/20', 'Elek. speelgoed, ontspan, sportapparatuur (>50cm)', 'kg', 'HOOG', null, null, 'ACTIVE', null, null, '2025-12-01 09:25:09.143787+00', null, '2025-12-01 09:25:09.143787+00', null, '0cd4e6db-6f79-4581-b91d-8d437bccfe58', '1c5fcaa2-4a9a-4d3e-b5eb-458693d43e81'),
       ('MATERIAL', '9012', 'Draaisel Raffineer', 'kg', 'HOOG', null, null, 'ACTIVE', '6115', '8030', '2025-12-01 09:25:09.143787+00', null, '2025-12-01 09:25:09.143787+00', null, '0cff2105-8202-4b42-b86f-a01a00fbd66d', '1a13c486-db58-4957-b454-a43766d06fbb'),
       ('MATERIAL', 'E4/21', 'Medische apparatuur (>50cm)', 'kg', 'HOOG', null, null, 'ACTIVE', null, null, '2025-12-01 09:25:09.143787+00', null, '2025-12-01 09:25:09.143787+00', null, '0d2fbc7f-6381-41a5-a5d9-03b60103991a', '1c5fcaa2-4a9a-4d3e-b5eb-458693d43e81'),
       ('MATERIAL', '6002', 'Elektromotoren onder 300kg', 'kg', 'HOOG', null, null, 'ACTIVE', '6115', '8030', '2025-12-01 09:25:09.143787+00', null, '2025-12-01 09:25:09.143787+00', null, '0ef1f216-efb0-4859-8d7e-b6b571108cdf', '03b74bd6-3ad6-4190-a640-e4138382e051'),
       ('MATERIAL', 'E4/17', 'Automaten (ongekoeld)', 'kg', 'HOOG', null, null, 'ACTIVE', null, null, '2025-12-01 09:25:09.143787+00', null, '2025-12-01 09:25:09.143787+00', null, '0f86706c-37b4-464d-87d2-50f76622f72a', '1c5fcaa2-4a9a-4d3e-b5eb-458693d43e81'),
       ('MATERIAL', '5005', 'Titanium', 'kg', 'HOOG', null, null, 'ACTIVE', '6115', '8030', '2025-12-01 09:25:09.143787+00', null, '2025-12-01 09:25:09.143787+00', null, '101b8aa0-7513-4cc6-ad08-0b7ff24aa6d4', '48da8b01-7a57-4027-ba03-fb0b2b950b80'),
       ('MATERIAL', 'PRINT', 'Printplaten Aluminium', 'kg', 'HOOG', null, null, 'ACTIVE', '6115', '8030', '2025-12-01 09:25:09.143787+00', null, '2025-12-01 09:25:09.143787+00', null, '11d3f587-9c02-4774-80c1-fbbef4b9dab7', 'dbc8d737-ecd6-4697-bfef-875f00776c4f'),
       ('MATERIAL', '1006', 'Kabel grond (dun laagwaardig)', 'kg', 'HOOG', null, null, 'ACTIVE', '6115', '8030', '2025-12-01 09:25:09.143787+00', null, '2025-12-01 09:25:09.143787+00', null, '11dde0dc-e29f-4cd2-afb4-f3bba3914e43', 'e11b60ff-5552-49bf-b545-7c2358ccdeb2'),
       ('MATERIAL', 'E1/04', 'Airco-apparatuur (inbouw) en warmtepomp', 'kg', 'HOOG', null, null, 'ACTIVE', null, null, '2025-12-01 09:25:09.143787+00', null, '2025-12-01 09:25:09.143787+00', null, '14d66e53-fc22-4a10-ab63-56072a58ddc5', '6ee2f6bc-42b9-478d-9059-8b9a09031012'),
       ('MATERIAL', 'E5/14', 'Medische apparatuur (<50cm)', 'kg', 'HOOG', null, null, 'ACTIVE', null, null, '2025-12-01 09:25:09.143787+00', null, '2025-12-01 09:25:09.143787+00', null, '159197b6-92ea-4755-ab6c-6c8073ba66fb', 'c2433219-ee6d-48a8-96f7-b0c3f35328ed'),
       ('MATERIAL', 'E4/28', 'Armaturen voor verwisselbare led (>750 gram)*', 'kg', 'HOOG', null, null, 'ACTIVE', null, null, '2025-12-01 09:25:09.143787+00', null, '2025-12-01 09:25:09.143787+00', null, '16fb57c8-bce8-4805-a1f3-1f0c5d548b9d', '1c5fcaa2-4a9a-4d3e-b5eb-458693d43e81'),
       ('MATERIAL', 'E4/32', 'Zonnepanelen*', 'kg', 'HOOG', null, null, 'ACTIVE', null, null, '2025-12-01 09:25:09.143787+00', null, '2025-12-01 09:25:09.143787+00', null, '170f3ef4-557d-45fb-a1f8-6bcabf796507', '1c5fcaa2-4a9a-4d3e-b5eb-458693d43e81'),
       ('MATERIAL', '9015', 'Draaisel Koper Raffineer', 'kg', 'HOOG', null, null, 'ACTIVE', '6115', '8030', '2025-12-01 09:25:09.143787+00', null, '2025-12-01 09:25:09.143787+00', null, '17562b41-b97f-403d-88d9-85c939b2bf4e', '7cf92eff-d41b-489f-8a44-c9c9347fc33f'),
       ('PRODUCT', 'TRANKL30', 'Transport Klein per half uur', 'half uur', 'HOOG', null, null, 'ACTIVE', '8015', '8015', '2025-12-01 09:25:09.143787+00', null, '2025-12-16 14:35:17.503015+00', null, '1839ffa9-5a72-48f8-8857-dd66a9452e44', '03b74bd6-3ad6-4190-a640-e4138382e051'),
       ('MATERIAL', '9063', 'Afvoer C hout', 'kg', 'HOOG', null, null, 'ACTIVE', '8030', '8030', '2025-12-01 09:25:09.143787+00', null, '2025-12-01 09:25:09.143787+00', null, '1c32cda3-e99f-4279-a21b-376b92a70841', '67ddf59c-6455-4111-8fb6-37a8552d52b5'),
       ('MATERIAL', '4003', 'Messing haardraad geoxideerd', 'kg', 'HOOG', null, null, 'ACTIVE', '6115', '8030', '2025-12-01 09:25:09.143787+00', null, '2025-12-01 09:25:09.143787+00', null, '1df41b0b-00f6-4935-b733-dc05ad69b5da', '5438cfa9-f397-4536-a8f5-8681a8dc37f0'),
       ('MATERIAL', 'E5/08', 'Venti,recirculatie, warmwaterappa.(<50cm-los)', 'kg', 'HOOG', null, null, 'ACTIVE', null, null, '2025-12-01 09:25:09.143787+00', null, '2025-12-01 09:25:09.143787+00', null, '203a82d9-4016-4400-92f9-b865ec0b3c21', 'c2433219-ee6d-48a8-96f7-b0c3f35328ed'),
       ('MATERIAL', '8025', 'LHA>50 gedepollueerd', 'kg', 'HOOG', null, null, 'ACTIVE', '6115', '8030', '2025-12-01 09:25:09.143787+00', null, '2025-12-01 09:25:09.143787+00', null, '21ff9822-4bbe-4b87-bcdf-aa2e91782b65', 'c2433219-ee6d-48a8-96f7-b0c3f35328ed'),
       ('PRODUCT', 'TRANSH', 'Transport per 30 min', 'kg', 'HOOG', null, null, 'ACTIVE', '8015', '8015', '2025-12-01 09:25:09.143787+00', null, '2025-12-16 14:35:21.074877+00', null, '22753bd4-a0b2-4993-9d84-d76a9f30f64f', '03b74bd6-3ad6-4190-a640-e4138382e051'),
       ('MATERIAL', 'E4/23', 'Audio-en videoapparatuur (>50cm)', 'kg', 'HOOG', null, null, 'ACTIVE', null, null, '2025-12-01 09:25:09.143787+00', null, '2025-12-01 09:25:09.143787+00', null, '238529da-108f-4486-b02b-08078c9efb9a', '1c5fcaa2-4a9a-4d3e-b5eb-458693d43e81'),
       ('MATERIAL', '7034', 'Keuken apparatuur', 'kg', 'HOOG', null, null, 'ACTIVE', '6115', '8030', '2025-12-01 09:25:09.143787+00', null, '2025-12-01 09:25:09.143787+00', null, '24a2faed-0439-465f-92ac-ae30fb3e8720', '6ee2f6bc-42b9-478d-9059-8b9a09031012'),
       ('MATERIAL', '7022', 'Memorycards', 'kg', 'HOOG', null, null, 'ACTIVE', '6115', '8030', '2025-12-01 09:25:09.143787+00', null, '2025-12-01 09:25:09.143787+00', null, '2583550e-0626-4f9c-bb40-28a3dd87f808', 'dbc8d737-ecd6-4697-bfef-875f00776c4f'),
       ('MATERIAL', '5007', 'RVS 201', 'kg', 'HOOG', null, null, 'ACTIVE', '6115', '8030', '2025-12-01 09:25:09.143787+00', null, '2025-12-01 09:25:09.143787+00', null, '267550a5-ebd4-4741-bb6f-4ae049fd51ee', '48da8b01-7a57-4027-ba03-fb0b2b950b80'),
       ('MATERIAL', 'E4/33', 'Elektrische fietsen', 'kg', 'HOOG', null, null, 'ACTIVE', null, null, '2025-12-01 09:25:09.143787+00', null, '2025-12-01 09:25:09.143787+00', null, '27b1bfbc-b2a8-47f8-8800-c49e858dd901', '1c5fcaa2-4a9a-4d3e-b5eb-458693d43e81'),
       ('MATERIAL', '6003', 'Trafoblokken', 'kg', 'HOOG', null, null, 'ACTIVE', '6115', '8030', '2025-12-01 09:25:09.143787+00', null, '2025-12-01 09:25:09.143787+00', null, '27cd6e49-24d5-4233-beec-12842f8a54da', '03b74bd6-3ad6-4190-a640-e4138382e051'),
       ('MATERIAL', '9067', 'Aftrek vuil', 'kg', 'HOOG', null, null, 'ACTIVE', '8030', '8030', '2025-12-01 09:25:09.143787+00', null, '2025-12-01 09:25:09.143787+00', null, '280433f1-3865-466b-abd9-952a69b2beca', '67ddf59c-6455-4111-8fb6-37a8552d52b5'),
       ('MATERIAL', '2005', 'Koper elektrolyten vuil', 'kg', 'HOOG', null, null, 'ACTIVE', '6115', '8030', '2025-12-01 09:25:09.143787+00', null, '2025-12-01 09:25:09.143787+00', null, '296064ac-6edc-4252-a0df-59fa2c72b201', '7cf92eff-d41b-489f-8a44-c9c9347fc33f'),
       ('MATERIAL', '2011', 'Koper zwaar rood', 'kg', 'HOOG', null, null, 'ACTIVE', '6115', '8030', '2025-12-01 09:25:09.143787+00', null, '2025-12-01 09:25:09.143787+00', null, '297e6190-9aaf-4a33-846f-17d65235d5c8', '7cf92eff-d41b-489f-8a44-c9c9347fc33f'),
       ('MATERIAL', '8023', 'SHA<50 niet gedepollueerd', 'kg', 'HOOG', null, null, 'ACTIVE', '6115', '8030', '2025-12-01 09:25:09.143787+00', null, '2025-12-01 09:25:09.143787+00', null, '29f5b99c-bc7d-4bc3-9e42-0f50cf3c2faa', 'dbc8d737-ecd6-4697-bfef-875f00776c4f'),
       ('MATERIAL', '8014', 'Katalysator', 'kg', 'HOOG', null, null, 'ACTIVE', '6115', '8030', '2025-12-01 09:25:09.143787+00', null, '2025-12-01 09:25:09.143787+00', null, '2a3efb7d-fbf8-4292-a1af-070a867a276c', 'a5cae95a-2185-43a1-8f32-4dd09c7d3dfe'),
       ('MATERIAL', '7010', 'Printplaten A', 'kg', 'HOOG', null, null, 'ACTIVE', '6115', '8030', '2025-12-01 09:25:09.143787+00', null, '2025-12-01 09:25:09.143787+00', null, '2b09f887-d79e-42ea-a0ab-dcff6d2f3fd3', 'dbc8d737-ecd6-4697-bfef-875f00776c4f'),
       ('MATERIAL', 'UITZOE', 'Uit te zoeken', 'kg', 'HOOG', null, null, 'ACTIVE', '6115', '8030', '2025-12-01 09:25:09.143787+00', null, '2025-12-01 09:25:09.143787+00', null, '2b1355ac-86b5-4cdc-a0bd-eb14f1ee9118', '17d77da7-cb1a-4a6f-8e62-5c2ffc7a496d'),
       ('MATERIAL', '8021', 'Accu NICD', 'kg', 'HOOG', null, null, 'ACTIVE', '6115', '8030', '2025-12-01 09:25:09.143787+00', null, '2025-12-01 09:25:09.143787+00', null, '2b1c9c1b-5d07-4f84-866c-e73112e88bbd', '03b74bd6-3ad6-4190-a640-e4138382e051'),
       ('MATERIAL', '5006', 'RVS Platen met gouden connectoren', 'kg', 'HOOG', null, null, 'ACTIVE', '6115', '8030', '2025-12-01 09:25:09.143787+00', null, '2025-12-01 09:25:09.143787+00', null, '2c0b9e30-a754-4cb2-a762-15c441440f90', '48da8b01-7a57-4027-ba03-fb0b2b950b80'),
       ('MATERIAL', '2007', 'Koper handgepeld geoxideerd', 'kg', 'HOOG', null, null, 'ACTIVE', '6115', '8030', '2025-12-01 09:25:09.143787+00', null, '2025-12-01 09:25:09.143787+00', null, '2c7b84dc-6e91-4fb7-b042-1a81afb0d612', '7cf92eff-d41b-489f-8a44-c9c9347fc33f'),
       ('MATERIAL', '2000', 'Koper', 'kg', 'HOOG', null, null, 'ACTIVE', '6115', '8030', '2025-12-01 09:25:09.143787+00', null, '2025-12-01 09:25:09.143787+00', null, '2c82e2b7-3195-4bd6-88a6-7a9450aae8b1', '7cf92eff-d41b-489f-8a44-c9c9347fc33f'),
       ('MATERIAL', '1008', 'Kabel 50%', 'kg', 'HOOG', null, null, 'ACTIVE', '6115', '8030', '2025-12-01 09:25:09.143787+00', null, '2025-12-01 09:25:09.143787+00', null, '2d01452c-4de6-4db8-867e-8a50f98c1873', 'e11b60ff-5552-49bf-b545-7c2358ccdeb2'),
       ('MATERIAL', '8013', 'Wydia', 'kg', 'HOOG', null, null, 'ACTIVE', '6115', '8030', '2025-12-01 09:25:09.143787+00', null, '2025-12-01 09:25:09.143787+00', null, '2d9e538e-a53c-407d-babd-5f46755b060d', '03b74bd6-3ad6-4190-a640-e4138382e051'),
       ('MATERIAL', 'E6/03', 'Printers en scanners*', 'kg', 'HOOG', null, null, 'ACTIVE', null, null, '2025-12-01 09:25:09.143787+00', null, '2025-12-01 09:25:09.143787+00', null, '2f2b38fb-f565-4cbd-ae87-54d5933a8291', 'dbc8d737-ecd6-4697-bfef-875f00776c4f'),
       ('MATERIAL', 'ARBEID', 'Arbeid sorteren', 'kg', 'HOOG', null, null, 'ACTIVE', '8015', '8015', '2025-12-01 09:25:09.143787+00', null, '2025-12-01 09:25:09.143787+00', null, '2f5e8cb8-4e87-493e-98bf-f2a6d679b6bb', null),
       ('MATERIAL', '5003', 'RVS Warmtewisselaars', 'kg', 'HOOG', null, null, 'ACTIVE', '6115', '8030', '2025-12-01 09:25:09.143787+00', null, '2025-12-01 09:25:09.143787+00', null, '2ff2c634-8da3-4783-86da-373f0b962921', '48da8b01-7a57-4027-ba03-fb0b2b950b80'),
       ('MATERIAL', '2013', 'Koper gemengd 98%', 'kg', 'HOOG', null, null, 'ACTIVE', '6115', '8030', '2025-12-01 09:25:09.143787+00', null, '2025-12-01 09:25:09.143787+00', null, '3194537a-7f8c-41ed-890e-8b7a34d229ab', '7cf92eff-d41b-489f-8a44-c9c9347fc33f'),
       ('MATERIAL', '2017', 'Koper Lakdraad', 'kg', 'HOOG', null, null, 'ACTIVE', '6115', '8030', '2025-12-01 09:25:09.143787+00', null, '2025-12-01 09:25:09.143787+00', null, '3375c821-f2c6-4c26-8ec9-3b14b557337f', '7cf92eff-d41b-489f-8a44-c9c9347fc33f'),
       ('MATERIAL', '6005', 'Dompelpompen', 'kg', 'HOOG', null, null, 'ACTIVE', '6115', '8030', '2025-12-01 09:25:09.143787+00', null, '2025-12-01 09:25:09.143787+00', null, '3411aa70-5cc6-4909-bc91-9d312048a586', '1c5fcaa2-4a9a-4d3e-b5eb-458693d43e81'),
       ('MATERIAL', '2002', 'Koper granulaat 1', 'kg', 'HOOG', null, null, 'ACTIVE', '6115', '8030', '2025-12-01 09:25:09.143787+00', null, '2025-12-01 09:25:09.143787+00', null, '34908f63-9164-4d59-b6ef-ab5f36d90519', '7cf92eff-d41b-489f-8a44-c9c9347fc33f'),
       ('MATERIAL', 'COR', 'Correctie', 'kg', 'HOOG', null, null, 'ACTIVE', null, null, '2025-12-01 09:25:09.143787+00', null, '2025-12-01 09:25:09.143787+00', null, '349c2dc9-6997-4c14-a7ef-e22fcf2c9a0d', null),
       ('MATERIAL', '7007', 'Bruingoed', 'kg', 'HOOG', null, null, 'ACTIVE', '6115', '8030', '2025-12-01 09:25:09.143787+00', null, '2025-12-01 09:25:09.143787+00', null, '361b6abe-592b-4e46-8522-8f50ff56ea37', '03b74bd6-3ad6-4190-a640-e4138382e051'),
       ('MATERIAL', '8029', 'Witgoed', 'kg', 'HOOG', null, null, 'ACTIVE', '6115', '8030', '2025-12-01 09:25:09.143787+00', null, '2025-12-01 09:25:09.143787+00', null, '3752cd3a-90a8-4e83-9a95-67e1c64d46b1', '03b74bd6-3ad6-4190-a640-e4138382e051'),
       ('MATERIAL', '1015', 'Kabel stekker', 'kg', 'HOOG', null, null, 'ACTIVE', '6115', '8030', '2025-12-01 09:25:09.143787+00', null, '2025-12-01 09:25:09.143787+00', null, '37a01527-fdf6-4480-84fd-a933721f6d22', 'c2433219-ee6d-48a8-96f7-b0c3f35328ed'),
       ('MATERIAL', '7002', 'Printplaten high grade', 'kg', 'HOOG', null, null, 'ACTIVE', '6115', '8030', '2025-12-01 09:25:09.143787+00', null, '2025-12-01 09:25:09.143787+00', null, '38365761-14b9-4666-9be6-5024fb2b1a71', 'dbc8d737-ecd6-4697-bfef-875f00776c4f'),
       ('MATERIAL', '9009', 'Draaisel messing', 'kg', 'HOOG', null, null, 'ACTIVE', '6115', '8030', '2025-12-01 09:25:09.143787+00', null, '2025-12-01 09:25:09.143787+00', null, '38680670-aa00-4f0d-a6fe-709d8d16485c', '5438cfa9-f397-4536-a8f5-8681a8dc37f0'),
       ('MATERIAL', '9011', 'Draaisel Titanium', 'kg', 'HOOG', null, null, 'ACTIVE', '6115', '8030', '2025-12-01 09:25:09.143787+00', null, '2025-12-01 09:25:09.143787+00', null, '38f2fa5d-4f24-4993-b4d1-5f9155a2c9b9', '03b74bd6-3ad6-4190-a640-e4138382e051'),
       ('MATERIAL', '9002', 'Draaisel RVS 316', 'kg', 'HOOG', null, null, 'ACTIVE', '6115', '8030', '2025-12-01 09:25:09.143787+00', null, '2025-12-01 09:25:09.143787+00', null, '3b1861c9-d7d5-4816-9cf4-d904fd658e50', '48da8b01-7a57-4027-ba03-fb0b2b950b80'),
       ('MATERIAL', '9068', 'Vuil toeslag', 'kg', 'HOOG', null, null, 'ACTIVE', '8030', '8030', '2025-12-01 09:25:09.143787+00', null, '2025-12-01 09:25:09.143787+00', null, '3dbaae84-f350-4b35-b08c-f6b1a6799cf0', '03b74bd6-3ad6-4190-a640-e4138382e051'),
       ('MATERIAL', '1012', 'Kabel aluminium', 'kg', 'HOOG', null, null, 'ACTIVE', '6115', '8030', '2025-12-01 09:25:09.143787+00', null, '2025-12-01 09:25:09.143787+00', null, '3f22c56e-4e47-4b95-a804-c6120695ce89', 'e11b60ff-5552-49bf-b545-7c2358ccdeb2'),
       ('PRODUCT', 'TRANKL60', 'Transport Klein per uur', 'uur', 'HOOG', null, '10.0000', 'ACTIVE', '8016', '8016', '2025-12-01 09:25:09.143787+00', null, '2025-12-16 14:35:28.398967+00', null, '3f773abd-e0f0-4a76-9133-f9c592b007c7', '03b74bd6-3ad6-4190-a640-e4138382e051'),
       ('MATERIAL', 'E4/02', 'Barbecues, grill-en kookplaten (>50cm)', 'kg', 'HOOG', null, null, 'ACTIVE', null, null, '2025-12-01 09:25:09.143787+00', null, '2025-12-01 09:25:09.143787+00', null, '40569ff4-1c96-4fb4-9406-82ff5e9760dc', '1c5fcaa2-4a9a-4d3e-b5eb-458693d43e81'),
       ('MATERIAL', '4000', 'Messing', 'kg', 'HOOG', null, null, 'ACTIVE', '6115', '8030', '2025-12-01 09:25:09.143787+00', null, '2025-12-01 09:25:09.143787+00', null, '41beed79-e7ff-40c3-8983-74fe06c99d2f', '5438cfa9-f397-4536-a8f5-8681a8dc37f0'),
       ('MATERIAL', '1018', 'Kabel 70%', 'kg', 'HOOG', null, null, 'ACTIVE', '6115', '8030', '2025-12-01 09:25:09.143787+00', null, '2025-12-01 09:25:09.143787+00', null, '41d0989d-53df-459b-9383-e23b5b2255a2', 'e11b60ff-5552-49bf-b545-7c2358ccdeb2'),
       ('MATERIAL', 'E5/01', 'Barbecues, grill-en kookplaten (<50cm)', 'kg', 'HOOG', null, null, 'ACTIVE', null, null, '2025-12-01 09:25:09.143787+00', null, '2025-12-01 09:25:09.143787+00', null, '44a12a44-a75a-4abf-8eb9-e00c1ca771aa', 'c2433219-ee6d-48a8-96f7-b0c3f35328ed'),
       ('MATERIAL', 'E4/25', 'I(C)T-en kantoorapparatuur (>50cm)-professioneel', 'kg', 'HOOG', null, null, 'ACTIVE', null, null, '2025-12-01 09:25:09.143787+00', null, '2025-12-01 09:25:09.143787+00', null, '44b7bd8d-3286-4933-93e6-0aaa8e93348d', '1c5fcaa2-4a9a-4d3e-b5eb-458693d43e81'),
       ('MATERIAL', '5009', 'leeg rvs', 'kg', 'HOOG', null, null, 'ACTIVE', '6115', '8030', '2025-12-01 09:25:09.143787+00', null, '2025-12-01 09:25:09.143787+00', null, '463aab13-ce1a-4868-9b84-05a5b5b8cfed', '48da8b01-7a57-4027-ba03-fb0b2b950b80'),
       ('MATERIAL', '7011', 'Printplaten B', 'kg', 'HOOG', null, null, 'ACTIVE', '6115', '8030', '2025-12-01 09:25:09.143787+00', null, '2025-12-01 09:25:09.143787+00', null, '46518274-c21d-4f3d-a08c-c99c9b6402c3', 'dbc8d737-ecd6-4697-bfef-875f00776c4f'),
       ('MATERIAL', '1019', 'Kabel 80%', 'kg', 'HOOG', null, null, 'ACTIVE', '6115', '8030', '2025-12-01 09:25:09.143787+00', null, '2025-12-01 09:25:09.143787+00', null, '48d871fc-48e8-41b7-848d-f437cdcf5c83', 'e11b60ff-5552-49bf-b545-7c2358ccdeb2'),
       ('MATERIAL', '7014', 'Backplanes Alu', 'kg', 'HOOG', null, null, 'ACTIVE', '6115', '8030', '2025-12-01 09:25:09.143787+00', null, '2025-12-01 09:25:09.143787+00', null, '4ab9ebce-b1a3-4950-94ad-10179542b7f3', 'dbc8d737-ecd6-4697-bfef-875f00776c4f'),
       ('MATERIAL', 'E4/01', 'Afzuigkappen', 'kg', 'HOOG', null, null, 'ACTIVE', '6115', '8030', '2025-12-01 09:25:09.143787+00', null, '2025-12-01 09:25:09.143787+00', null, '4ad177b7-96b6-4d22-8fa9-019becc10a14', '1c5fcaa2-4a9a-4d3e-b5eb-458693d43e81'),
       ('MATERIAL', '1024', 'Diverse soorten kabel', 'kg', 'HOOG', null, null, 'ACTIVE', null, null, '2025-12-01 09:25:09.143787+00', null, '2025-12-01 09:25:09.143787+00', null, '4b04cfe1-447a-4c08-9dae-60dafeed8d02', 'e11b60ff-5552-49bf-b545-7c2358ccdeb2'),
       ('MATERIAL', 'CONT', 'Huur container', 'kg', 'HOOG', null, null, 'ACTIVE', '8015', null, '2025-12-01 09:25:09.143787+00', null, '2025-12-01 09:25:09.143787+00', null, '4b1677a1-ecef-44fb-8cf5-61361d90b50b', '03b74bd6-3ad6-4190-a640-e4138382e051'),
       ('PRODUCT', 'LOWBTW', 'Laag btw product', 'uur', 'LAAG', null, '100.0000', 'ACTIVE', '8000', '8100', '2026-01-07 19:01:53.383756+00', 'Aad Admin', '2026-01-07 19:01:53.383756+00', 'Aad Admin', '4b986be4-281d-4c7b-a59c-240179108271', '17d77da7-cb1a-4a6f-8e62-5c2ffc7a496d'),
       ('MATERIAL', '8000', 'Raffineer', 'kg', 'HOOG', null, null, 'ACTIVE', '6115', '8030', '2025-12-01 09:25:09.143787+00', null, '2025-12-01 09:25:09.143787+00', null, '4ba1b37b-65d1-4ef5-a188-76664c70de72', 'c2433219-ee6d-48a8-96f7-b0c3f35328ed'),
       ('MATERIAL', '4007', 'Messing Sloop', 'kg', 'HOOG', null, null, 'ACTIVE', '6115', '8030', '2025-12-01 09:25:09.143787+00', null, '2025-12-01 09:25:09.143787+00', null, '503f623d-45a5-4334-a32e-010750ea7b0e', '5438cfa9-f397-4536-a8f5-8681a8dc37f0'),
       ('MATERIAL', 'E4/24', 'I(C)T- en kantoorapparatuur (>50cm)-huishoudelijk*', 'kg', 'HOOG', null, null, 'ACTIVE', null, null, '2025-12-01 09:25:09.143787+00', null, '2025-12-01 09:25:09.143787+00', null, '5081c72c-a15e-47bf-93bf-dad13b007862', '1c5fcaa2-4a9a-4d3e-b5eb-458693d43e81'),
       ('MATERIAL', '2004', 'Koper granulaat vertint', 'kg', 'HOOG', null, null, 'ACTIVE', '6115', '8030', '2025-12-01 09:25:09.143787+00', null, '2025-12-01 09:25:09.143787+00', null, '53adf155-9845-4b22-9d9b-4329616a996a', '7cf92eff-d41b-489f-8a44-c9c9347fc33f'),
       ('MATERIAL', '2014', 'Koper Electrolyt Vertint', 'kg', 'HOOG', null, null, 'ACTIVE', '6115', '8030', '2025-12-01 09:25:09.143787+00', null, '2025-12-01 09:25:09.143787+00', null, '53fd157a-eb24-41ef-aa41-73cdc9971676', '7cf92eff-d41b-489f-8a44-c9c9347fc33f'),
       ('MATERIAL', 'PVCGRA', 'PVC Granulaat', 'kg', 'HOOG', null, null, 'ACTIVE', '0', '0', '2025-12-01 09:25:09.143787+00', null, '2025-12-01 09:25:09.143787+00', null, '53fdb613-b920-4ee9-94f5-783c0fa4dae0', null),
       ('MATERIAL', '1013', 'Kabel Laagwaardig', 'kg', 'HOOG', null, null, 'ACTIVE', '6115', '8030', '2025-12-01 09:25:09.143787+00', null, '2025-12-01 09:25:09.143787+00', null, '5460bccf-5b47-471c-94d6-5887ce1a469d', 'e11b60ff-5552-49bf-b545-7c2358ccdeb2'),
       ('MATERIAL', '9062', 'Afvoer Chemisch afval', 'kg', 'HOOG', null, null, 'ACTIVE', '8030', '8030', '2025-12-01 09:25:09.143787+00', null, '2025-12-01 09:25:09.143787+00', null, '55276d52-2433-4906-bc0b-956c1cc1ad6a', '67ddf59c-6455-4111-8fb6-37a8552d52b5'),
       ('MATERIAL', 'E5/13', 'Elektrisch speelgoed, ontspan en sportapp. (<50cm)', 'kg', 'HOOG', null, null, 'ACTIVE', null, null, '2025-12-01 09:25:09.143787+00', null, '2025-12-01 09:25:09.143787+00', null, '5731e4bd-1198-453f-965c-d2c308646f9e', 'c2433219-ee6d-48a8-96f7-b0c3f35328ed'),
       ('MATERIAL', '1003', 'Kabel 70%', 'kg', 'HOOG', null, null, 'ACTIVE', '6115', '8030', '2025-12-01 09:25:09.143787+00', null, '2025-12-01 09:25:09.143787+00', null, '57326364-4c13-42d6-9ad7-7766fcd55185', 'e11b60ff-5552-49bf-b545-7c2358ccdeb2'),
       ('MATERIAL', 'E2/02', 'Monitoren (flatscreen)', 'kg', 'HOOG', null, null, 'ACTIVE', null, null, '2025-12-01 09:25:09.143787+00', null, '2025-12-01 09:25:09.143787+00', null, '583a2af4-97e5-4fe6-a903-0bc143fd3751', '088e4632-ce28-4fbb-a1d5-f336dc8ca471'),
       ('MATERIAL', '8016', 'Tin', 'kg', 'HOOG', null, null, 'ACTIVE', '6115', '8030', '2025-12-01 09:25:09.143787+00', null, '2025-12-01 09:25:09.143787+00', null, '592f7853-fb94-4d0a-8ae9-9b50332153fb', '03b74bd6-3ad6-4190-a640-e4138382e051'),
       ('MATERIAL', '7', 'Ijzer Betonijzer', 'kg', 'HOOG', null, null, 'ACTIVE', '6115', '8030', '2025-12-01 09:25:09.143787+00', null, '2025-12-01 09:25:09.143787+00', null, '5a3aa3bb-8080-4bf0-90d8-6cbba812267d', 'c2697524-b2a2-45df-b691-abe9c5a2a1c6'),
       ('MATERIAL', 'E5/10', 'Textielbewerkingsapparatuur (<50cm)', 'kg', 'HOOG', null, null, 'ACTIVE', null, null, '2025-12-01 09:25:09.143787+00', null, '2025-12-01 09:25:09.143787+00', null, '5badb9c0-0ac9-4e43-a06d-e0cabac3b49c', 'c2433219-ee6d-48a8-96f7-b0c3f35328ed'),
       ('MATERIAL', 'E5/12', 'Spelcomputers', 'kg', 'HOOG', null, null, 'ACTIVE', null, null, '2025-12-01 09:25:09.143787+00', null, '2025-12-01 09:25:09.143787+00', null, '5cdd4302-29e9-48c3-a6a0-d17e9a98be1a', 'c2433219-ee6d-48a8-96f7-b0c3f35328ed'),
       ('MATERIAL', '6001', 'Elektromotoren boven 300kg', 'kg', 'HOOG', null, null, 'ACTIVE', '6115', '8030', '2025-12-01 09:25:09.143787+00', null, '2025-12-01 09:25:09.143787+00', null, '5d5708e3-7ed8-4407-a017-15462fff2914', '03b74bd6-3ad6-4190-a640-e4138382e051'),
       ('MATERIAL', '1011', 'Kabel 55%', 'kg', 'HOOG', null, null, 'ACTIVE', '6115', '8030', '2025-12-01 09:25:09.143787+00', null, '2025-12-01 09:25:09.143787+00', null, '5e5a1911-73c9-4fd5-9560-38056234cafa', 'e11b60ff-5552-49bf-b545-7c2358ccdeb2'),
       ('MATERIAL', '2016', 'Koper gem knip met messing,koppelingen', 'kg', 'HOOG', null, null, 'ACTIVE', '6115', '8030', '2025-12-01 09:25:09.143787+00', null, '2025-12-01 09:25:09.143787+00', null, '5f08c8cf-8e50-445b-b5f6-3d69ca0fa2fd', '7cf92eff-d41b-489f-8a44-c9c9347fc33f'),
       ('MATERIAL', '5008', 'RVS stijlen/bakken met gouden connectoren', 'kg', 'HOOG', null, null, 'ACTIVE', '6115', '8030', '2025-12-01 09:25:09.143787+00', null, '2025-12-01 09:25:09.143787+00', null, '61536564-bbff-4cbd-9502-33d3d0141b4c', '48da8b01-7a57-4027-ba03-fb0b2b950b80'),
       ('MATERIAL', 'E2/03', 'Laptops*', 'kg', 'HOOG', null, null, 'ACTIVE', '6115', '8030', '2025-12-01 09:25:09.143787+00', null, '2025-12-01 09:25:09.143787+00', null, '6182ce86-ee42-456a-a984-9e745ec3f789', '088e4632-ce28-4fbb-a1d5-f336dc8ca471'),
       ('MATERIAL', '5002', 'RVS 316', 'kg', 'HOOG', null, null, 'ACTIVE', '6115', '8030', '2025-12-01 09:25:09.143787+00', null, '2025-12-01 09:25:09.143787+00', null, '619c4cb5-af5f-4821-98a5-c210835a549e', '48da8b01-7a57-4027-ba03-fb0b2b950b80'),
       ('MATERIAL', '7017', 'Printplaten in rek (afwijkend)', 'kg', 'HOOG', null, null, 'ACTIVE', '6115', '8030', '2025-12-01 09:25:09.143787+00', null, '2025-12-01 09:25:09.143787+00', null, '622389e5-bdd7-4806-8a37-122f9a3dae0b', 'dbc8d737-ecd6-4697-bfef-875f00776c4f'),
       ('MATERIAL', 'E1/06', 'Automaten (gekoeld)', 'kg', 'HOOG', null, null, 'ACTIVE', null, null, '2025-12-01 09:25:09.143787+00', null, '2025-12-01 09:25:09.143787+00', null, '629d1c37-74ef-4e80-ad3a-0e53485be202', '6ee2f6bc-42b9-478d-9059-8b9a09031012'),
       ('MATERIAL', 'E6/02', 'Desktop computers*', 'kg', 'HOOG', null, null, 'ACTIVE', null, null, '2025-12-01 09:25:09.143787+00', null, '2025-12-01 09:25:09.143787+00', null, '65afe618-997e-41eb-9cd6-367f9cd6b302', 'dbc8d737-ecd6-4697-bfef-875f00776c4f'),
       ('MATERIAL', '9008', 'Draaisel Inco 825', 'kg', 'HOOG', null, null, 'ACTIVE', '6115', '8030', '2025-12-01 09:25:09.143787+00', null, '2025-12-01 09:25:09.143787+00', null, '65e437ed-7689-4458-b8e4-06ec33e7b1bc', '48da8b01-7a57-4027-ba03-fb0b2b950b80'),
       ('MATERIAL', 'E4/12', 'Venti,recirculatie, luchtbeh. instal >50 cm->150m3', 'kg', 'HOOG', null, null, 'ACTIVE', null, null, '2025-12-01 09:25:09.143787+00', null, '2025-12-01 09:25:09.143787+00', null, '66c1c5a8-1f5c-4947-8272-07d6a9d58614', '1c5fcaa2-4a9a-4d3e-b5eb-458693d43e81'),
       ('MATERIAL', 'E5/18', 'Armaturen met geintegreerde led (<750g)*', 'kg', 'HOOG', null, null, 'ACTIVE', null, null, '2025-12-01 09:25:09.143787+00', null, '2025-12-01 09:25:09.143787+00', null, '681a730c-7b01-404e-a3ea-13d84aa28430', 'c2433219-ee6d-48a8-96f7-b0c3f35328ed'),
       ('MATERIAL', '8018', 'Airco leeg/afgetapt', 'kg', 'HOOG', null, null, 'ACTIVE', '6115', '8030', '2025-12-01 09:25:09.143787+00', null, '2025-12-01 09:25:09.143787+00', null, '683f7008-358b-428b-b5aa-dae59c53ffa7', '6ee2f6bc-42b9-478d-9059-8b9a09031012'),
       ('MATERIAL', 'E4/03', 'Magnetrons en oven', 'kg', 'HOOG', null, null, 'ACTIVE', null, null, '2025-12-01 09:25:09.143787+00', null, '2025-12-01 09:25:09.143787+00', null, '687ad65f-f993-4614-ad6c-c9459d28dae5', '1c5fcaa2-4a9a-4d3e-b5eb-458693d43e81'),
       ('MATERIAL', '1016', 'Kabel trekdraad', 'kg', 'HOOG', null, null, 'ACTIVE', '6115', '8030', '2025-12-01 09:25:09.143787+00', null, '2025-12-01 09:25:09.143787+00', null, '6a69e0f3-09c4-413c-b09d-c58e34c1545d', 'e11b60ff-5552-49bf-b545-7c2358ccdeb2'),
       ('MATERIAL', 'E5/05', 'Ketels, boilers en geisers (<50cm)', 'kg', 'HOOG', null, null, 'ACTIVE', null, null, '2025-12-01 09:25:09.143787+00', null, '2025-12-01 09:25:09.143787+00', null, '6bd72b7a-0ed7-4896-b0cd-c276a4c79753', 'c2433219-ee6d-48a8-96f7-b0c3f35328ed'),
       ('MATERIAL', '8012', 'Zink', 'kg', 'HOOG', null, null, 'ACTIVE', '6115', '8030', '2025-12-01 09:25:09.143787+00', null, '2025-12-01 09:25:09.143787+00', null, '6c7eebe4-e7b2-4676-aeab-ab2a46a05000', '03b74bd6-3ad6-4190-a640-e4138382e051'),
       ('MATERIAL', '2009', 'Koper nieuw rood', 'kg', 'HOOG', null, null, 'ACTIVE', '6115', '8030', '2025-12-01 09:25:09.143787+00', null, '2025-12-01 09:25:09.143787+00', null, '6c9ed79d-facb-4103-be30-379ce734d1c4', '7cf92eff-d41b-489f-8a44-c9c9347fc33f'),
       ('MATERIAL', '7032', 'Beeldschermen', 'kg', 'HOOG', null, null, 'ACTIVE', '6115', '8030', '2025-12-01 09:25:09.143787+00', null, '2025-12-01 09:25:09.143787+00', null, '6e87d441-880e-4dc9-bb6a-932fef98466d', 'dbc8d737-ecd6-4697-bfef-875f00776c4f'),
       ('MATERIAL', '3016', 'Aluminium Lamellen', 'kg', 'HOOG', null, null, 'ACTIVE', '6115', '8030', '2025-12-01 09:25:09.143787+00', null, '2025-12-01 09:25:09.143787+00', null, '6eab32df-b21d-483c-b0b7-7433905b1d56', '3ca8d7ea-d939-440e-b9f1-910795aee977'),
       ('MATERIAL', 'E5/03', 'Huishoud-,keuken- en verzorgingsapp. (<50cm)', 'kg', 'HOOG', null, null, 'ACTIVE', null, null, '2025-12-01 09:25:09.143787+00', null, '2025-12-01 09:25:09.143787+00', null, '6ff7a1bb-3329-48ec-aea6-1cbdd5648259', 'c2433219-ee6d-48a8-96f7-b0c3f35328ed'),
       ('MATERIAL', 'E5/16', 'Audio- en videoapparatuur (<50cm)', 'kg', 'HOOG', null, null, 'ACTIVE', null, null, '2025-12-01 09:25:09.143787+00', null, '2025-12-01 09:25:09.143787+00', null, '701292a9-59ab-4bdc-9a82-ae8d47db19da', 'c2433219-ee6d-48a8-96f7-b0c3f35328ed'),
       ('MATERIAL', '3008', 'Aluminium Ausbau profiel', 'kg', 'HOOG', null, null, 'ACTIVE', '6115', '8030', '2025-12-01 09:25:09.143787+00', null, '2025-12-01 09:25:09.143787+00', null, '711c3f1f-ed05-4a6a-823e-0613c1d35b8a', '3ca8d7ea-d939-440e-b9f1-910795aee977'),
       ('MATERIAL', 'E2/01', 'TVs en displays (flatscreen)', 'kg', 'HOOG', null, null, 'ACTIVE', null, null, '2025-12-01 09:25:09.143787+00', null, '2025-12-01 09:25:09.143787+00', null, '72883cb8-6497-4112-bf5c-593d49a32a7a', '088e4632-ce28-4fbb-a1d5-f336dc8ca471'),
       ('MATERIAL', '3010', 'Aluminium Radiateur', 'kg', 'HOOG', null, null, 'ACTIVE', '6115', '8030', '2025-12-01 09:25:09.143787+00', null, '2025-12-01 09:25:09.143787+00', null, '730227b2-f548-4637-be86-e1d6005a3330', '3ca8d7ea-d939-440e-b9f1-910795aee977'),
       ('MATERIAL', 'E4/15', 'Verwarmings- en warmwaterapparatuur >50cm - inbouw', 'kg', 'HOOG', null, null, 'ACTIVE', null, null, '2025-12-01 09:25:09.143787+00', null, '2025-12-01 09:25:09.143787+00', null, '7316da7d-8c26-4813-9e96-b08810ba4c0b', '1c5fcaa2-4a9a-4d3e-b5eb-458693d43e81'),
       ('MATERIAL', '8017', 'Letterlood', 'kg', 'HOOG', null, null, 'ACTIVE', '6115', '8030', '2025-12-01 09:25:09.143787+00', null, '2025-12-01 09:25:09.143787+00', null, '74a18a7f-9143-431c-9e5b-c4c6fa437933', '1a13c486-db58-4957-b454-a43766d06fbb'),
       ('MATERIAL', 'E5/07', 'Venti,recirculatie, luchtbeh. instal <50 cm->150m3', 'kg', 'HOOG', null, null, 'ACTIVE', null, null, '2025-12-01 09:25:09.143787+00', null, '2025-12-01 09:25:09.143787+00', null, '75304536-9e72-4a11-aa66-5cd0d2182cfc', 'c2433219-ee6d-48a8-96f7-b0c3f35328ed'),
       ('MATERIAL', '9014', 'Draaisel Koper Vertint', 'kg', 'HOOG', null, null, 'ACTIVE', '6115', '8030', '2025-12-01 09:25:09.143787+00', null, '2025-12-01 09:25:09.143787+00', null, '7635374c-1ef0-44a3-99ab-7d81d120a00d', '7cf92eff-d41b-489f-8a44-c9c9347fc33f'),
       ('MATERIAL', '8019', 'Lampen HS 2000', 'kg', 'HOOG', null, null, 'ACTIVE', '6115', '8030', '2025-12-01 09:25:09.143787+00', null, '2025-12-01 09:25:09.143787+00', null, '76bd6a8d-33c6-4dd1-9b39-56b4942050b4', 'c2433219-ee6d-48a8-96f7-b0c3f35328ed'),
       ('PRODUCT', 'TRANKW', 'Transport per 15 min', 'kg', 'HOOG', null, '12.2100', 'ACTIVE', '8015', '8016', '2025-12-01 09:25:09.143787+00', null, '2025-12-16 14:37:14.081759+00', null, '77c6a516-eba9-419b-9984-6916241b9b98', '03b74bd6-3ad6-4190-a640-e4138382e051'),
       ('MATERIAL', '1021', 'Kabel 45%', 'kg', 'HOOG', null, null, 'ACTIVE', '6115', '8030', '2025-12-01 09:25:09.143787+00', null, '2025-12-01 09:25:09.143787+00', null, '797f7688-7e12-47d8-9cb4-04599a3f588f', 'e11b60ff-5552-49bf-b545-7c2358ccdeb2'),
       ('MATERIAL', 'E5/06', 'Venti,recirculatie, luchtbeh. instal <50 cm-<150m3', 'kg', 'HOOG', null, null, 'ACTIVE', null, null, '2025-12-01 09:25:09.143787+00', null, '2025-12-01 09:25:09.143787+00', null, '7aa15995-cc0b-4678-a82a-d4317342832f', 'c2433219-ee6d-48a8-96f7-b0c3f35328ed'),
       ('MATERIAL', '8002', 'Raffineer laagwaardig', 'kg', 'HOOG', null, null, 'ACTIVE', '6115', '8030', '2025-12-01 09:25:09.143787+00', null, '2025-12-01 09:25:09.143787+00', null, '7b3b21f8-855f-4d8b-8d80-60cc83c48739', 'c2433219-ee6d-48a8-96f7-b0c3f35328ed'),
       ('MATERIAL', '9016', 'Draaisel/Spanen Aluminium', 'kg', 'HOOG', null, null, 'ACTIVE', '6115', '8030', '2025-12-01 09:25:09.143787+00', null, '2025-12-01 09:25:09.143787+00', null, '7b689a95-beb6-4861-b17c-0d334a2b1686', '3ca8d7ea-d939-440e-b9f1-910795aee977'),
       ('MATERIAL', 'PAL', 'Pallets', 'kg', 'HOOG', null, null, 'ACTIVE', '6115', '8030', '2025-12-01 09:25:09.143787+00', null, '2025-12-01 09:25:09.143787+00', null, '7c27a48a-afce-4c74-b044-f55858e47298', '03b74bd6-3ad6-4190-a640-e4138382e051'),
       ('MATERIAL', '2001', 'Koper elektrolyt 100% Schoon', 'kg', 'HOOG', null, null, 'ACTIVE', '6115', '8030', '2025-12-01 09:25:09.143787+00', null, '2025-12-01 09:25:09.143787+00', null, '7c9c3d56-487a-474e-bd20-49f20efc8cf2', '7cf92eff-d41b-489f-8a44-c9c9347fc33f'),
       ('MATERIAL', '6004', 'Startmotoren en/of  Dynamos', 'kg', 'HOOG', null, null, 'ACTIVE', '6115', '8030', '2025-12-01 09:25:09.143787+00', null, '2025-12-01 09:25:09.143787+00', null, '7cff541e-f104-4313-99bc-a56c989faaf5', '03b74bd6-3ad6-4190-a640-e4138382e051'),
       ('MATERIAL', '4002', 'Messing haardraad', 'kg', 'HOOG', null, null, 'ACTIVE', '6115', '8030', '2025-12-01 09:25:09.143787+00', null, '2025-12-01 09:25:09.143787+00', null, '7d815ae4-0c55-4620-9eac-87b222e7e428', '5438cfa9-f397-4536-a8f5-8681a8dc37f0'),
       ('MATERIAL', '3006', 'Aluminium blank profiel', 'kg', 'HOOG', null, null, 'ACTIVE', '6115', '8030', '2025-12-01 09:25:09.143787+00', null, '2025-12-01 09:25:09.143787+00', null, '7e0f67eb-b39c-4f89-ad88-5aa74b788ddf', '3ca8d7ea-d939-440e-b9f1-910795aee977'),
       ('MATERIAL', 'E5/15', 'Meet- en regelapparatuur (<50cm)*', 'kg', 'HOOG', null, null, 'ACTIVE', null, null, '2025-12-01 09:25:09.143787+00', null, '2025-12-01 09:25:09.143787+00', null, '7e47c7ea-c58f-46f9-9f82-eda254a5398c', 'c2433219-ee6d-48a8-96f7-b0c3f35328ed'),
       ('MATERIAL', 'E4/13', 'Venti,recirculatie, luchtbeh. instal >50 cm-<150m3', 'kg', 'HOOG', null, null, 'ACTIVE', null, null, '2025-12-01 09:25:09.143787+00', null, '2025-12-01 09:25:09.143787+00', null, '806d662b-8b1a-4271-89c2-67b63e24f599', '1c5fcaa2-4a9a-4d3e-b5eb-458693d43e81'),
       ('MATERIAL', '7001', 'Printplaten low grade', 'kg', 'HOOG', null, null, 'ACTIVE', '6115', '8030', '2025-12-01 09:25:09.143787+00', null, '2025-12-01 09:25:09.143787+00', null, '8096fc95-6927-4cc8-ac32-ec2511e63edb', 'dbc8d737-ecd6-4697-bfef-875f00776c4f'),
       ('MATERIAL', '9065', 'Aftrek (koel)Water', 'kg', 'HOOG', null, null, 'ACTIVE', '8030', '8030', '2025-12-01 09:25:09.143787+00', null, '2025-12-01 09:25:09.143787+00', null, '80cb3b9e-b5c6-4f5f-b3bd-66e528345018', '67ddf59c-6455-4111-8fb6-37a8552d52b5'),
       ('MATERIAL', 'E4/07', 'Drogers', 'kg', 'HOOG', null, null, 'ACTIVE', null, null, '2025-12-01 09:25:09.143787+00', null, '2025-12-01 09:25:09.143787+00', null, '81090dfc-ecd3-41ed-a188-70ab64895832', '1c5fcaa2-4a9a-4d3e-b5eb-458693d43e81'),
       ('MATERIAL', 'E6/04', 'I(C)T-en kantoorapparatuur (<50cm-huishoudelijk)*', 'kg', 'HOOG', null, null, 'ACTIVE', null, null, '2025-12-01 09:25:09.143787+00', null, '2025-12-01 09:25:09.143787+00', null, '81b864c4-8a92-4d1c-a855-e857b8392630', 'dbc8d737-ecd6-4697-bfef-875f00776c4f'),
       ('MATERIAL', '7021', 'Harde Schijven', 'kg', 'HOOG', null, null, 'ACTIVE', '6115', '8030', '2025-12-01 09:25:09.143787+00', null, '2025-12-01 09:25:09.143787+00', null, '83e706d9-61e9-460c-b85c-86edd1c70764', 'dbc8d737-ecd6-4697-bfef-875f00776c4f'),
       ('MATERIAL', '3009', 'Aluminium velgen', 'kg', 'HOOG', null, null, 'ACTIVE', '6115', '8030', '2025-12-01 09:25:09.143787+00', null, '2025-12-01 09:25:09.143787+00', null, '8483e832-84c8-42cc-8fc3-d05a10205960', '3ca8d7ea-d939-440e-b9f1-910795aee977'),
       ('MATERIAL', '9061', 'Afvoer B hout', 'kg', 'HOOG', null, null, 'ACTIVE', '8030', '8030', '2025-12-01 09:25:09.143787+00', null, '2025-12-01 09:25:09.143787+00', null, '874c9e5d-5335-43ec-b2f0-fcd36db121a1', '67ddf59c-6455-4111-8fb6-37a8552d52b5'),
       ('MATERIAL', '8004', 'Automotoren mix', 'kg', 'HOOG', null, null, 'ACTIVE', '6115', '8030', '2025-12-01 09:25:09.143787+00', null, '2025-12-01 09:25:09.143787+00', null, '87cbf0b0-4cad-470a-8609-a02c701ecdd3', 'a5cae95a-2185-43a1-8f32-4dd09c7d3dfe'),
       ('MATERIAL', '7018', 'Printplaten in rek (AXE)', 'kg', 'HOOG', null, null, 'ACTIVE', '6115', '8030', '2025-12-01 09:25:09.143787+00', null, '2025-12-01 09:25:09.143787+00', null, '87fc4b22-026a-4e58-91c2-3b27b898d73c', 'dbc8d737-ecd6-4697-bfef-875f00776c4f'),
       ('MATERIAL', 'E3/05', 'Spaar- en gasontladingslampen*', 'kg', 'HOOG', null, null, 'ACTIVE', null, null, '2025-12-01 09:25:09.143787+00', null, '2025-12-01 09:25:09.143787+00', null, '87ffd9ae-588c-44e8-8c00-97a549668216', '5f4f39ad-17d6-477d-806e-5d452b312b83'),
       ('MATERIAL', '7008', 'Stekkers mix', 'kg', 'HOOG', null, null, 'ACTIVE', '6115', '8030', '2025-12-01 09:25:09.143787+00', null, '2025-12-01 09:25:09.143787+00', null, '8889ebc6-b289-4972-ac90-2f4c4808a7db', 'dbc8d737-ecd6-4697-bfef-875f00776c4f'),
       ('MATERIAL', 'E6/01', 'Mobiele telefoons*', 'kg', 'HOOG', null, null, 'ACTIVE', null, null, '2025-12-01 09:25:09.143787+00', null, '2025-12-01 09:25:09.143787+00', null, '88b0dd4f-1760-49b3-b5ed-641c02968822', 'dbc8d737-ecd6-4697-bfef-875f00776c4f'),
       ('MATERIAL', '8022', 'Accu Lith-Ion', 'kg', 'HOOG', null, null, 'ACTIVE', '6115', '8030', '2025-12-01 09:25:09.143787+00', null, '2025-12-01 09:25:09.143787+00', null, '891100c7-df02-46af-99a1-1af33ad6bd11', null),
       ('MATERIAL', '2008', 'Koper vertint', 'kg', 'HOOG', null, null, 'ACTIVE', '6115', '8030', '2025-12-01 09:25:09.143787+00', null, '2025-12-01 09:25:09.143787+00', null, '89e8b908-0786-44bb-b5f3-c9fbe1931d91', '7cf92eff-d41b-489f-8a44-c9c9347fc33f'),
       ('MATERIAL', '6115', 'LHA>50 niet gedepollueerd', 'kg', 'HOOG', null, null, 'ACTIVE', '6115', '8030', '2025-12-01 09:25:09.143787+00', null, '2025-12-01 09:25:09.143787+00', null, '8a6334a8-11cb-4b7c-9ad8-685f3ef0907c', 'c2433219-ee6d-48a8-96f7-b0c3f35328ed'),
       ('MATERIAL', '9005', 'Draaisel Chroomstaal', 'kg', 'HOOG', null, null, 'ACTIVE', '6115', '8030', '2025-12-01 09:25:09.143787+00', null, '2025-12-01 09:25:09.143787+00', null, '8a9d78ae-dde4-44a5-9729-520f4ab9540f', 'c2697524-b2a2-45df-b691-abe9c5a2a1c6'),
       ('MATERIAL', 'E1/01', 'Koel- en vriesapparatuur (huishoudelijk)', 'kg', 'HOOG', null, null, 'ACTIVE', null, null, '2025-12-01 09:25:09.143787+00', null, '2025-12-01 09:25:09.143787+00', null, '8b227580-87c8-454b-8293-7663b0409d19', '6ee2f6bc-42b9-478d-9059-8b9a09031012'),
       ('MATERIAL', 'E5/04', 'Stofzuigers en vloerreinigers (<50cm)', 'kg', 'HOOG', null, null, 'ACTIVE', null, null, '2025-12-01 09:25:09.143787+00', null, '2025-12-01 09:25:09.143787+00', null, '8bd97f99-a26b-465a-9e7b-48fd68699e8c', 'c2433219-ee6d-48a8-96f7-b0c3f35328ed'),
       ('MATERIAL', '7006', 'Telecom materiaal', 'kg', 'HOOG', null, null, 'ACTIVE', '6115', '8030', '2025-12-01 09:25:09.143787+00', null, '2025-12-01 09:25:09.143787+00', null, '8d0bca0c-c592-457d-b3ab-2a11e22ddbdc', 'dbc8d737-ecd6-4697-bfef-875f00776c4f'),
       ('MATERIAL', '8024', 'SHA<50 gedepollueerd', 'kg', 'HOOG', null, null, 'ACTIVE', '6115', '8030', '2025-12-01 09:25:09.143787+00', null, '2025-12-01 09:25:09.143787+00', null, '8d24063f-62af-4910-83d3-0d506d0f98a4', 'dbc8d737-ecd6-4697-bfef-875f00776c4f'),
       ('MATERIAL', 'E4/10', 'Ketels, boilers en geisers (>50 cm)', 'kg', 'HOOG', null, null, 'ACTIVE', null, null, '2025-12-01 09:25:09.143787+00', null, '2025-12-01 09:25:09.143787+00', null, '8d5488aa-b704-4759-8bb4-e22c8439e70c', '1c5fcaa2-4a9a-4d3e-b5eb-458693d43e81'),
       ('MATERIAL', '1020', 'Kabel 40%', 'kg', 'HOOG', null, null, 'ACTIVE', '6115', '8030', '2025-12-01 09:25:09.143787+00', null, '2025-12-01 09:25:09.143787+00', null, '8eba2969-c243-478f-b6fc-df6d076f5a4d', 'e11b60ff-5552-49bf-b545-7c2358ccdeb2'),
       ('MATERIAL', '5004', 'Inconel 713', 'kg', 'HOOG', null, null, 'ACTIVE', '6115', '8030', '2025-12-01 09:25:09.143787+00', null, '2025-12-01 09:25:09.143787+00', null, '906854ba-3cf1-44d5-aedb-c8f73133a5a3', '48da8b01-7a57-4027-ba03-fb0b2b950b80'),
       ('MATERIAL', '6000', 'Elektromotoren', 'kg', 'HOOG', null, null, 'ACTIVE', '6115', '8030', '2025-12-01 09:25:09.143787+00', null, '2025-12-01 09:25:09.143787+00', null, '94c8a92f-cbd6-4ff0-9128-e903df296e8f', '03b74bd6-3ad6-4190-a640-e4138382e051'),
       ('MATERIAL', '1017', 'Kabel 75%', 'kg', 'HOOG', null, null, 'ACTIVE', '6115', '8030', '2025-12-01 09:25:09.143787+00', null, '2025-12-01 09:25:09.143787+00', null, '9681a0ff-ab3c-4964-be0f-0af4d0037203', 'e11b60ff-5552-49bf-b545-7c2358ccdeb2'),
       ('MATERIAL', '7033', 'Printplaten te sorteren', 'kg', 'HOOG', null, null, 'ACTIVE', '6115', '8030', '2025-12-01 09:25:09.143787+00', null, '2025-12-01 09:25:09.143787+00', null, '9847f1e2-ab20-4784-83d8-c64b27679b9f', 'dbc8d737-ecd6-4697-bfef-875f00776c4f'),
       ('MATERIAL', '8030', 'Lood kabel', 'kg', 'HOOG', null, null, 'ACTIVE', '6115', '8030', '2025-12-01 09:25:09.143787+00', null, '2025-12-01 09:25:09.143787+00', null, '9a2ac4c1-1acc-4cc7-87fb-e2d8f62eff0e', 'e11b60ff-5552-49bf-b545-7c2358ccdeb2'),
       ('MATERIAL', '8015', 'Boilers Vuil', 'kg', 'HOOG', null, null, 'ACTIVE', '6115', '8030', '2025-12-01 09:25:09.143787+00', null, '2025-12-01 09:25:09.143787+00', null, '9a3ef205-bf07-43c8-bee5-a7f805d27b6e', 'c2433219-ee6d-48a8-96f7-b0c3f35328ed'),
       ('MATERIAL', '3015', 'Aluminium extern afgevoerd vanaf locatie', 'kg', 'HOOG', null, null, 'ACTIVE', '6115', '8030', '2025-12-01 09:25:09.143787+00', null, '2025-12-01 09:25:09.143787+00', null, '9b616baf-8329-4f36-bda5-cdcb50e14c2c', '3ca8d7ea-d939-440e-b9f1-910795aee977'),
       ('MATERIAL', 'E5/17', 'Armaturen voor TL-,spaar- en gasont.lampen(<750g)*', 'kg', 'HOOG', null, null, 'ACTIVE', null, null, '2025-12-01 09:25:09.143787+00', null, '2025-12-01 09:25:09.143787+00', null, '9c562e3a-32da-49f6-817c-b65a56c88502', 'c2433219-ee6d-48a8-96f7-b0c3f35328ed'),
       ('MATERIAL', '8001', 'Raffineer hoogwaardig', 'kg', 'HOOG', null, null, 'ACTIVE', '6115', '8030', '2025-12-01 09:25:09.143787+00', null, '2025-12-01 09:25:09.143787+00', null, '9ccef3c1-8543-4ca8-bfed-778e4502fe5e', 'c2433219-ee6d-48a8-96f7-b0c3f35328ed'),
       ('MATERIAL', '7005', 'Backplanes High Grade', 'kg', 'HOOG', null, null, 'ACTIVE', '6115', '8030', '2025-12-01 09:25:09.143787+00', null, '2025-12-01 09:25:09.143787+00', null, '9d303057-a5bd-4e14-b578-f1f14010231f', null),
       ('MATERIAL', '4004', 'Messing haardraadpunten', 'kg', 'HOOG', null, null, 'ACTIVE', '6115', '8030', '2025-12-01 09:25:09.143787+00', null, '2025-12-01 09:25:09.143787+00', null, '9dc6b368-0a56-44e8-aaa8-02a0790a3472', '5438cfa9-f397-4536-a8f5-8681a8dc37f0'),
       ('MATERIAL', 'E5/22', 'Open Scope app <50cm-zonder primaire elek. functie', 'kg', 'HOOG', null, null, 'ACTIVE', null, null, '2025-12-01 09:25:09.143787+00', null, '2025-12-01 09:25:09.143787+00', null, '9e874765-4844-408c-9434-927ea511b6da', 'c2433219-ee6d-48a8-96f7-b0c3f35328ed'),
       ('MATERIAL', '8027', 'SHA<50 Emix deels batterijhoudend', 'kg', 'HOOG', null, null, 'ACTIVE', '6115', '8030', '2025-12-01 09:25:09.143787+00', null, '2025-12-01 09:25:09.143787+00', null, 'a01c1cdf-cc3c-4b47-a378-35e770cdf65b', 'dbc8d737-ecd6-4697-bfef-875f00776c4f'),
       ('MATERIAL', 'E5/20', 'Elektrisch gereedschap (<50cm)', 'kg', 'HOOG', null, null, 'ACTIVE', null, null, '2025-12-01 09:25:09.143787+00', null, '2025-12-01 09:25:09.143787+00', null, 'a01e2445-ccbf-44e7-8e98-8749dc48601f', 'c2433219-ee6d-48a8-96f7-b0c3f35328ed'),
       ('MATERIAL', '9', 'Ijzer knip 1/2', 'kg', 'HOOG', null, null, 'ACTIVE', '6115', '8030', '2025-12-01 09:25:09.143787+00', null, '2025-12-01 09:25:09.143787+00', null, 'a2440c5e-292e-48f7-b603-b9ccd3b521ac', 'c2697524-b2a2-45df-b691-abe9c5a2a1c6'),
       ('MATERIAL', '7023', 'Lege kasten met HG Backpanels', 'kg', 'HOOG', null, null, 'ACTIVE', '6115', '8030', '2025-12-01 09:25:09.143787+00', null, '2025-12-01 09:25:09.143787+00', null, 'a3e939b1-64cc-4ecd-a8d7-4aeef432f981', 'c801c5aa-f7bf-4637-b5bc-4b36feef4ad0'),
       ('MATERIAL', '8', 'Ijzer HMS 1', 'kg', 'HOOG', null, null, 'ACTIVE', '6115', '8030', '2025-12-01 09:25:09.143787+00', null, '2025-12-01 09:25:09.143787+00', null, 'a414cf3d-3002-4d08-b4e3-c34a139647cb', 'c2697524-b2a2-45df-b691-abe9c5a2a1c6'),
       ('MATERIAL', 'E4/19', 'Elektrische muziekinstrumenten (>50cm)', 'kg', 'HOOG', null, null, 'ACTIVE', null, null, '2025-12-01 09:25:09.143787+00', null, '2025-12-01 09:25:09.143787+00', null, 'a5f259c3-e25a-40c0-a2e5-f388e53f1927', '1c5fcaa2-4a9a-4d3e-b5eb-458693d43e81'),
       ('MATERIAL', 'E3/04', 'Ledlampen (incl. Led TL)*', 'kg', 'HOOG', null, null, 'ACTIVE', null, null, '2025-12-01 09:25:09.143787+00', null, '2025-12-01 09:25:09.143787+00', null, 'a69d6b78-b9cf-47f8-9a8c-377daba5c1fc', '5f4f39ad-17d6-477d-806e-5d452b312b83'),
       ('MATERIAL', '5001', 'RVS 304', 'kg', 'HOOG', null, null, 'ACTIVE', '6115', '8030', '2025-12-01 09:25:09.143787+00', null, '2025-12-01 09:25:09.143787+00', null, 'a7c99eb6-963b-4407-a866-8c49f07ef385', '48da8b01-7a57-4027-ba03-fb0b2b950b80'),
       ('MATERIAL', '4005', 'Cunial', 'kg', 'HOOG', null, null, 'ACTIVE', '6115', '8030', '2025-12-01 09:25:09.143787+00', null, '2025-12-01 09:25:09.143787+00', null, 'a7d66a69-7a93-488d-85b1-baaa976e11fa', '02004267-9eac-42f9-b1cb-2905840bd1bc'),
       ('MATERIAL', '11', 'Ijzer Gegalvaniseerd', 'kg', 'HOOG', null, null, 'ACTIVE', '6115', '8030', '2025-12-01 09:25:09.143787+00', null, '2025-12-01 09:25:09.143787+00', null, 'a992bf30-a6be-476b-a3b2-d69d75fcf01b', 'c2697524-b2a2-45df-b691-abe9c5a2a1c6'),
       ('MATERIAL', '7036', 'Monel 400', 'kg', 'HOOG', null, null, 'ACTIVE', null, null, '2025-12-01 09:25:09.143787+00', null, '2025-12-01 09:25:09.143787+00', null, 'ac96e337-8e78-47ca-93f2-988c2e136f93', '02004267-9eac-42f9-b1cb-2905840bd1bc'),
       ('MATERIAL', 'INGEKO', 'Van u ingekocht diverse soorten metalen', 'kg', 'HOOG', null, null, 'ACTIVE', null, null, '2025-12-01 09:25:09.143787+00', null, '2025-12-01 09:25:09.143787+00', null, 'ad8ec4a3-c934-400d-9be2-e89eb34d3f5e', '03b74bd6-3ad6-4190-a640-e4138382e051'),
       ('MATERIAL', 'E5/09', 'Verwarmings-en warmwaterapparatuur (<50cm-inbouw)', 'kg', 'HOOG', null, null, 'ACTIVE', null, null, '2025-12-01 09:25:09.143787+00', null, '2025-12-01 09:25:09.143787+00', null, 'ad9b2aa4-e33c-4345-b155-05149b749024', 'c2433219-ee6d-48a8-96f7-b0c3f35328ed'),
       ('MATERIAL', '8005', 'CV Ketels', 'kg', 'HOOG', null, null, 'ACTIVE', '6115', '8030', '2025-12-01 09:25:09.143787+00', null, '2025-12-01 09:25:09.143787+00', null, 'aeeaa5af-0da5-4705-9147-db709a9f55b4', '1c5fcaa2-4a9a-4d3e-b5eb-458693d43e81'),
       ('MATERIAL', '8010', 'Tractie batterijen', 'kg', 'HOOG', null, null, 'ACTIVE', '6115', '8030', '2025-12-01 09:25:09.143787+00', null, '2025-12-01 09:25:09.143787+00', null, 'af69c719-d1dc-4103-a207-117aa944ff74', '03b74bd6-3ad6-4190-a640-e4138382e051'),
       ('MATERIAL', 'E4/14', 'Venti,recirculatie, verwarmingsapparatuur>50cm los', 'kg', 'HOOG', null, null, 'ACTIVE', null, null, '2025-12-01 09:25:09.143787+00', null, '2025-12-01 09:25:09.143787+00', null, 'b153b4c2-b09a-4eb4-b590-3d0bb4491a99', null),
       ('MATERIAL', '5000', 'RVS', 'kg', 'HOOG', null, null, 'ACTIVE', '6115', '8030', '2025-12-01 09:25:09.143787+00', null, '2025-12-01 09:25:09.143787+00', null, 'b2ed302f-eb33-4b53-be6c-2239bef8d4be', '48da8b01-7a57-4027-ba03-fb0b2b950b80'),
       ('PRODUCT', 'TRANGR', 'Transport per uur', 'uur', 'HOOG', null, '50.0000', 'ACTIVE', '8015', '8015', '2025-12-01 09:25:09.143787+00', null, '2025-12-16 14:35:25.709733+00', null, 'b4ec3bda-5015-4576-a9bf-b282828e7ad8', '03b74bd6-3ad6-4190-a640-e4138382e051'),
       ('MATERIAL', '3000', 'Aluminium', 'kg', 'HOOG', null, null, 'ACTIVE', '6115', '8030', '2025-12-01 09:25:09.143787+00', null, '2025-12-01 09:25:09.143787+00', null, 'b5542df8-6535-4758-8227-8da556e9117d', '3ca8d7ea-d939-440e-b9f1-910795aee977'),
       ('MATERIAL', '9020', 'Weelabex', 'kg', 'HOOG', null, null, 'ACTIVE', '6115', '8030', '2025-12-01 09:25:09.143787+00', null, '2025-12-01 09:25:09.143787+00', null, 'b6c832ca-9a75-441d-9c48-6bea65107985', '03b74bd6-3ad6-4190-a640-e4138382e051'),
       ('MATERIAL', '3002', 'Aluminium nieuw plaat met folie', 'kg', 'HOOG', null, null, 'ACTIVE', '6115', '8030', '2025-12-01 09:25:09.143787+00', null, '2025-12-01 09:25:09.143787+00', null, 'b6db4e7d-de62-42f1-bba4-4945f8ee06c9', '3ca8d7ea-d939-440e-b9f1-910795aee977'),
       ('MATERIAL', '9006', 'Draaisel Brons / Aluminium', 'kg', 'HOOG', null, null, 'ACTIVE', '6115', '8030', '2025-12-01 09:25:09.143787+00', null, '2025-12-01 09:25:09.143787+00', null, 'b744ac04-740b-4ac7-8723-7f4ed757eb1c', '7f4a843b-8278-40ac-ba25-56ce03aff9df'),
       ('MATERIAL', '16', 'Ijzer gruis', 'kg', 'HOOG', null, '2.3200', 'ACTIVE', '6115', '8030', '2025-12-01 09:25:09.143787+00', null, '2025-12-16 13:31:13.533018+00', null, 'b7cad144-12b7-4abc-ad74-c43261bb44f3', 'c2697524-b2a2-45df-b691-abe9c5a2a1c6'),
       ('MATERIAL', 'E4/09', 'Stofzuigers en vloerenreinigers (>50 cm)', 'kg', 'HOOG', null, null, 'ACTIVE', null, null, '2025-12-01 09:25:09.143787+00', null, '2025-12-01 09:25:09.143787+00', null, 'b826b17c-6df0-42f1-a5d6-68f45bf5e5f7', '1c5fcaa2-4a9a-4d3e-b5eb-458693d43e81'),
       ('MATERIAL', '7031', 'Printers', 'kg', 'HOOG', null, null, 'ACTIVE', '6115', '8030', '2025-12-01 09:25:09.143787+00', null, '2025-12-01 09:25:09.143787+00', null, 'b852b89c-6971-46d6-acba-18d15d637dd6', 'dbc8d737-ecd6-4697-bfef-875f00776c4f'),
       ('MATERIAL', '10', 'Chroom 6 verdacht', 'kg', 'HOOG', null, null, 'ACTIVE', '6115', '8030', '2025-12-01 09:25:09.143787+00', null, '2025-12-01 09:25:09.143787+00', null, 'b9510fd9-8d84-443e-bfbe-34211fcf506e', 'c2697524-b2a2-45df-b691-abe9c5a2a1c6'),
       ('MATERIAL', '1009', 'Kabel 60%', 'kg', 'HOOG', null, null, 'ACTIVE', '6115', '8030', '2025-12-01 09:25:09.143787+00', null, '2025-12-01 09:25:09.143787+00', null, 'b99b0c1d-9afe-4f55-96ee-b367212a92e3', 'e11b60ff-5552-49bf-b545-7c2358ccdeb2'),
       ('MATERIAL', 'E4/08', 'Huishoud-, keuken- en verzorgingsapparatuur(>50cm)', 'kg', 'HOOG', null, null, 'ACTIVE', null, null, '2025-12-01 09:25:09.143787+00', null, '2025-12-01 09:25:09.143787+00', null, 'b9b06a07-d74c-40c9-8313-0ccf0d5cf7ca', '1c5fcaa2-4a9a-4d3e-b5eb-458693d43e81'),
       ('MATERIAL', '5010', 'RVS 302', 'kg', 'HOOG', null, null, 'ACTIVE', '6115', '8030', '2025-12-01 09:25:09.143787+00', null, '2025-12-01 09:25:09.143787+00', null, 'b9c706a2-22f2-46f5-b8b4-e096ce137b19', '48da8b01-7a57-4027-ba03-fb0b2b950b80'),
       ('MATERIAL', '5011', 'Draaisel RVS 321', 'kg', 'HOOG', null, null, 'ACTIVE', null, null, '2025-12-01 09:25:09.143787+00', null, '2025-12-01 09:25:09.143787+00', null, 'ba63bfaa-e194-4f15-99c0-9ef4a9ceea0d', '48da8b01-7a57-4027-ba03-fb0b2b950b80'),
       ('MATERIAL', 'E4/26', 'Armaturen voor TL-,spaar- en gasont.lampen(>750g)*', 'kg', 'HOOG', null, null, 'ACTIVE', null, null, '2025-12-01 09:25:09.143787+00', null, '2025-12-01 09:25:09.143787+00', null, 'bc7d0fe0-157d-4ba3-a021-1bd6e10045a1', '1c5fcaa2-4a9a-4d3e-b5eb-458693d43e81'),
       ('MATERIAL', '1023', 'Kabel Solar', 'kg', 'HOOG', null, null, 'ACTIVE', '6115', '8030', '2025-12-01 09:25:09.143787+00', null, '2025-12-01 09:25:09.143787+00', null, 'bda1a367-510a-4b61-80a4-9ec9b8b6ace8', 'e11b60ff-5552-49bf-b545-7c2358ccdeb2'),
       ('MATERIAL', '10001', 'BSA', 'kg', 'HOOG', null, null, 'ACTIVE', null, null, '2025-12-01 09:25:09.143787+00', null, '2025-12-01 09:25:09.143787+00', null, 'bef736d7-4ace-4019-a9d7-ccfb5ff7a475', 'a5cae95a-2185-43a1-8f32-4dd09c7d3dfe'),
       ('MATERIAL', '8008', 'ALU / CU Koelers ijzervrij', 'kg', 'HOOG', null, null, 'ACTIVE', '6115', '8030', '2025-12-01 09:25:09.143787+00', null, '2025-12-01 09:25:09.143787+00', null, 'bf1b80f5-4985-4db2-afcb-16234b03e6ab', '03b74bd6-3ad6-4190-a640-e4138382e051'),
       ('MATERIAL', 'E2/04', 'Tablets en navigatiesystemen*', 'kg', 'HOOG', null, null, 'ACTIVE', null, null, '2025-12-01 09:25:09.143787+00', null, '2025-12-01 09:25:09.143787+00', null, 'bf8b1971-417e-4e29-a924-ef64808712e6', '088e4632-ce28-4fbb-a1d5-f336dc8ca471'),
       ('MATERIAL', '8020', 'Armaturen', 'kg', 'HOOG', null, null, 'ACTIVE', '6115', '8030', '2025-12-01 09:25:09.143787+00', null, '2025-12-01 09:25:09.143787+00', null, 'c05e58ae-2171-45ba-a31d-5218fdd039d4', 'c2433219-ee6d-48a8-96f7-b0c3f35328ed'),
       ('MATERIAL', '13', 'Diverse metalen', 'kg', 'HOOG', null, null, 'ACTIVE', '6115', '8030', '2025-12-01 09:25:09.143787+00', null, '2025-12-15 11:16:52.247084+00', 'Aad Admin', 'c07d5367-80f9-42e7-b3dc-57a0bb6cc38a', 'c2697524-b2a2-45df-b691-abe9c5a2a1c6'),
       ('MATERIAL', '5', 'Ijzer velgen', 'kg', 'HOOG', null, null, 'ACTIVE', '6115', '8030', '2025-12-01 09:25:09.143787+00', null, '2025-12-01 09:25:09.143787+00', null, 'c16aa8eb-7a32-485e-bd18-650fc8df76dd', 'c2697524-b2a2-45df-b691-abe9c5a2a1c6'),
       ('MATERIAL', 'E4/05', 'Vaatwassers', 'kg', 'HOOG', null, null, 'ACTIVE', null, null, '2025-12-01 09:25:09.143787+00', null, '2025-12-01 09:25:09.143787+00', null, 'c2358a8a-7c89-4498-9ece-8e1a2d38bf03', '1c5fcaa2-4a9a-4d3e-b5eb-458693d43e81'),
       ('MATERIAL', '8032', 'Raffineer Fines', 'kg', 'HOOG', null, null, 'ACTIVE', null, null, '2025-12-01 09:25:09.143787+00', null, '2025-12-01 09:25:09.143787+00', null, 'c360500a-06d8-403c-a450-18a83e0e6098', 'c2433219-ee6d-48a8-96f7-b0c3f35328ed'),
       ('MATERIAL', '7025', 'Printplaatkasten afwijkend', 'kg', 'HOOG', null, null, 'ACTIVE', '6115', '8030', '2025-12-01 09:25:09.143787+00', null, '2025-12-01 09:25:09.143787+00', null, 'c3985706-9f87-4acb-91d7-d23ad1c1777d', 'dbc8d737-ecd6-4697-bfef-875f00776c4f'),
       ('MATERIAL', '3005', 'Aluminium geslagen', 'kg', 'HOOG', null, null, 'ACTIVE', '6115', '8030', '2025-12-01 09:25:09.143787+00', null, '2025-12-01 09:25:09.143787+00', null, 'c4139196-118c-4403-ae9d-8a8e78b7bcd6', '3ca8d7ea-d939-440e-b9f1-910795aee977'),
       ('MATERIAL', '10000', 'Hout', 'kg', 'HOOG', null, null, 'ACTIVE', null, null, '2025-12-01 09:25:09.143787+00', null, '2025-12-01 09:25:09.143787+00', null, 'c43daf34-326b-4058-ace2-d915d9e833fc', 'a5cae95a-2185-43a1-8f32-4dd09c7d3dfe'),
       ('MATERIAL', '1022', 'Kabel onder bevinding', 'kg', 'HOOG', null, null, 'ACTIVE', '6115', '8030', '2025-12-01 09:25:09.143787+00', null, '2025-12-01 09:25:09.143787+00', null, 'c47c7298-0bc8-4ea4-a43b-3a9e951cbfdc', 'e11b60ff-5552-49bf-b545-7c2358ccdeb2'),
       ('MATERIAL', '1010', 'Kabel koper / aluminium', 'kg', 'HOOG', null, null, 'ACTIVE', '6115', '8030', '2025-12-01 09:25:09.143787+00', null, '2025-12-01 09:25:09.143787+00', null, 'c59f5c3f-b298-4304-80c8-a5f59b1638b8', 'e11b60ff-5552-49bf-b545-7c2358ccdeb2'),
       ('MATERIAL', '7035', 'Hasteloy C22', 'kg', 'HOOG', null, null, 'ACTIVE', null, null, '2025-12-01 09:25:09.143787+00', null, '2025-12-01 09:25:09.143787+00', null, 'c9daabeb-73a8-4b49-b825-1560fa052e67', '02004267-9eac-42f9-b1cb-2905840bd1bc'),
       ('MATERIAL', '9069', 'Vlak Glas', 'kg', 'HOOG', null, null, 'ACTIVE', '6115', '8030', '2025-12-01 09:25:09.143787+00', null, '2025-12-01 09:25:09.143787+00', null, 'cb427ae1-00fa-4066-a86f-3ae996aff0e7', '03b74bd6-3ad6-4190-a640-e4138382e051'),
       ('MATERIAL', 'E6/06', 'I(C)T-en kantoorapparatuur (<50cm-professioneel)*', 'kg', 'HOOG', null, null, 'ACTIVE', null, null, '2025-12-01 09:25:09.143787+00', null, '2025-12-01 09:25:09.143787+00', null, 'cb66c242-3df9-4cd3-a678-300f5bcfad18', 'dbc8d737-ecd6-4697-bfef-875f00776c4f'),
       ('MATERIAL', '9003', 'Draaisel aluminium', 'kg', 'HOOG', null, null, 'ACTIVE', '6115', '8030', '2025-12-01 09:25:09.143787+00', null, '2025-12-01 09:25:09.143787+00', null, 'cbb796db-88fb-4558-adb5-918a240c8ef2', '3ca8d7ea-d939-440e-b9f1-910795aee977'),
       ('MATERIAL', '2010', 'Koper gemengd 96%', 'kg', 'HOOG', null, null, 'ACTIVE', '6115', '8030', '2025-12-01 09:25:09.143787+00', null, '2025-12-01 09:25:09.143787+00', null, 'cccc0de1-a0bc-4b27-9943-64b7f1e4bdb6', '7cf92eff-d41b-489f-8a44-c9c9347fc33f'),
       ('MATERIAL', '1001', 'Kabel autokabel vuil', 'kg', 'HOOG', null, null, 'ACTIVE', '6115', '8030', '2025-12-01 09:25:09.143787+00', null, '2025-12-01 09:25:09.143787+00', null, 'ceaba498-1446-4fca-8ba6-6fbbdd2a6a68', 'c2433219-ee6d-48a8-96f7-b0c3f35328ed'),
       ('MATERIAL', '9030', 'Afvoer vlak glas', 'kg', 'HOOG', null, null, 'ACTIVE', '6115', '8030', '2025-12-01 09:25:09.143787+00', null, '2025-12-01 09:25:09.143787+00', null, 'cf2aae3b-a3be-4ec7-bcb5-f1ac0fcbb6f8', '67ddf59c-6455-4111-8fb6-37a8552d52b5'),
       ('MATERIAL', 'E5/19', 'Armaturen voor verwisselbare led (<750 gram)*', 'kg', 'HOOG', null, null, 'ACTIVE', null, null, '2025-12-01 09:25:09.143787+00', null, '2025-12-01 09:25:09.143787+00', null, 'cf941d6a-c69f-4f6a-92f6-4cb33b51b419', 'c2433219-ee6d-48a8-96f7-b0c3f35328ed'),
       ('MATERIAL', '7000', 'Printplaten', 'kg', 'HOOG', null, null, 'ACTIVE', '6115', '8030', '2025-12-01 09:25:09.143787+00', null, '2025-12-01 09:25:09.143787+00', null, 'd368399a-1dfc-4956-8e87-763e61064973', 'dbc8d737-ecd6-4697-bfef-875f00776c4f'),
       ('MATERIAL', 'KRAAN', 'Sorteren met kraan', 'kg', 'HOOG', null, null, 'ACTIVE', '6115', '8015', '2025-12-01 09:25:09.143787+00', null, '2025-12-01 09:25:09.143787+00', null, 'd3f9a6ed-4a82-4e57-81a8-06d3ec1dede0', null),
       ('MATERIAL', 'E4/22', 'Meet- en regelapparatuur (>50cm)*', 'kg', 'HOOG', null, null, 'ACTIVE', null, null, '2025-12-01 09:25:09.143787+00', null, '2025-12-01 09:25:09.143787+00', null, 'd43ad0a1-eabf-45e3-9f12-061be221d9d5', '1c5fcaa2-4a9a-4d3e-b5eb-458693d43e81'),
       ('MATERIAL', '7012', 'Printplaten C', 'kg', 'HOOG', null, null, 'ACTIVE', '6115', '8030', '2025-12-01 09:25:09.143787+00', null, '2025-12-01 09:25:09.143787+00', null, 'd593fa4f-75a2-4712-b502-f915a567df42', 'dbc8d737-ecd6-4697-bfef-875f00776c4f'),
       ('MATERIAL', '9010', 'Draaisel SS430', 'kg', 'HOOG', null, null, 'ACTIVE', '6115', '8030', '2025-12-01 09:25:09.143787+00', null, '2025-12-01 09:25:09.143787+00', null, 'd5e3e8c9-67be-4169-a118-f5f517014048', 'c2697524-b2a2-45df-b691-abe9c5a2a1c6'),
       ('MATERIAL', '7026', 'Laptop', 'kg', 'HOOG', null, null, 'ACTIVE', '6115', '8030', '2025-12-01 09:25:09.143787+00', null, '2025-12-01 09:25:09.143787+00', null, 'd6238bf9-a414-451d-90d0-c5d7968d745b', 'dbc8d737-ecd6-4697-bfef-875f00776c4f'),
       ('MATERIAL', 'E4/29', 'Elektrisch gereedschap (>50cm)', 'kg', 'HOOG', null, null, 'ACTIVE', null, null, '2025-12-01 09:25:09.143787+00', null, '2025-12-01 09:25:09.143787+00', null, 'd641fb95-4b68-4bdb-bf18-885780a1a005', '1c5fcaa2-4a9a-4d3e-b5eb-458693d43e81'),
       ('MATERIAL', '8028', 'LHA>50 Emix deels batterijhoudend', 'kg', 'HOOG', null, null, 'ACTIVE', '6115', '8030', '2025-12-01 09:25:09.143787+00', null, '2025-12-01 09:25:09.143787+00', null, 'd814f55a-b933-4d7d-a5e7-65c941a1d492', 'c2433219-ee6d-48a8-96f7-b0c3f35328ed'),
       ('MATERIAL', '7029', 'Telefonie', 'kg', 'HOOG', null, null, 'ACTIVE', '6115', '8030', '2025-12-01 09:25:09.143787+00', null, '2025-12-01 09:25:09.143787+00', null, 'd9319754-18bb-4636-8387-8391c2e9734d', 'dbc8d737-ecd6-4697-bfef-875f00776c4f'),
       ('MATERIAL', '2012', 'Koper gemengd 90% t/m 95%', 'kg', 'HOOG', null, null, 'ACTIVE', '6115', '8030', '2025-12-01 09:25:09.143787+00', null, '2025-12-01 09:25:09.143787+00', null, 'd9593380-adb6-4dc8-8806-5d71ce2489c6', '7cf92eff-d41b-489f-8a44-c9c9347fc33f'),
       ('MATERIAL', '1004', 'Kabel concentrisch', 'kg', 'HOOG', null, '0.8500', 'ACTIVE', '6115', '8030', '2025-12-01 09:25:09.143787+00', null, '2025-12-30 13:25:06.431574+00', null, 'd95fa46a-58d1-4648-90a5-741b3d4e8384', 'e11b60ff-5552-49bf-b545-7c2358ccdeb2'),
       ('MATERIAL', 'COMM', 'Commissie over afhaling', 'kg', 'HOOG', null, null, 'ACTIVE', '6115', '8030', '2025-12-01 09:25:09.143787+00', null, '2025-12-01 09:25:09.143787+00', null, 'da3112cd-0028-437b-97c4-dbe51f56f098', '03b74bd6-3ad6-4190-a640-e4138382e051'),
       ('MATERIAL', '1000', 'Kabel', 'kg', 'HOOG', null, null, 'ACTIVE', '6115', '8030', '2025-12-01 09:25:09.143787+00', null, '2025-12-01 09:25:09.143787+00', null, 'da4d2c2a-ff5a-439c-beaf-06b882f11666', 'e11b60ff-5552-49bf-b545-7c2358ccdeb2'),
       ('MATERIAL', '9004', 'Draaisel brons', 'kg', 'HOOG', null, null, 'ACTIVE', '6115', '8030', '2025-12-01 09:25:09.143787+00', null, '2025-12-01 09:25:09.143787+00', null, 'da79e274-05f4-4603-a5b9-0cad22ed94c5', '7f4a843b-8278-40ac-ba25-56ce03aff9df'),
       ('MATERIAL', '1005', 'Kabel 38%', 'kg', 'HOOG', null, null, 'ACTIVE', '6115', '8030', '2025-12-01 09:25:09.143787+00', null, '2025-12-01 09:25:09.143787+00', null, 'dd7fbe3b-13f7-4ce1-a5c9-060f7a97e24b', 'e11b60ff-5552-49bf-b545-7c2358ccdeb2'),
       ('MATERIAL', '4006', 'Draaisel Cunial', 'kg', 'HOOG', null, null, 'ACTIVE', '6115', '8030', '2025-12-01 09:25:09.143787+00', null, '2025-12-01 09:25:09.143787+00', null, 'dd9de7c9-a457-4085-b146-add9c90e6a2a', '5438cfa9-f397-4536-a8f5-8681a8dc37f0'),
       ('MATERIAL', '7027', 'High grade stekkers sloop', 'kg', 'HOOG', null, null, 'ACTIVE', '6115', '8030', '2025-12-01 09:25:09.143787+00', null, '2025-12-01 09:25:09.143787+00', null, 'ddee2dc5-b2e2-4bbe-a463-06a6ee4b76af', 'dbc8d737-ecd6-4697-bfef-875f00776c4f'),
       ('MATERIAL', '7019', 'Printplaatkasten leeg ESS', 'kg', 'HOOG', null, null, 'ACTIVE', '6115', '8030', '2025-12-01 09:25:09.143787+00', null, '2025-12-01 09:25:09.143787+00', null, 'de2f7dc8-dbbf-4015-855b-58b22ae59258', 'dbc8d737-ecd6-4697-bfef-875f00776c4f'),
       ('MATERIAL', '7028', 'Toetsenborden', 'kg', 'HOOG', null, null, 'ACTIVE', '6115', '8030', '2025-12-01 09:25:09.143787+00', null, '2025-12-01 09:25:09.143787+00', null, 'de404af4-09b4-4606-96ac-57037547d400', 'dbc8d737-ecd6-4697-bfef-875f00776c4f'),
       ('MATERIAL', '7004', 'ICT Materiaal', 'kg', 'HOOG', null, null, 'ACTIVE', '6115', '8030', '2025-12-01 09:25:09.143787+00', null, '2025-12-01 09:25:09.143787+00', null, 'de9c1fa5-9a1b-4dcf-9e65-6ca303e0f816', 'dbc8d737-ecd6-4697-bfef-875f00776c4f'),
       ('MATERIAL', '7024', 'Printplaatkasten leeg AXE', 'kg', 'HOOG', null, null, 'ACTIVE', '6115', '8030', '2025-12-01 09:25:09.143787+00', null, '2025-12-01 09:25:09.143787+00', null, 'e0b817f2-8feb-4c6a-81c2-6cd6a9a069c0', 'dbc8d737-ecd6-4697-bfef-875f00776c4f'),
       ('MATERIAL', '3001', 'Aluminium iso profiel', 'kg', 'HOOG', null, null, 'ACTIVE', '6115', '8030', '2025-12-01 09:25:09.143787+00', null, '2025-12-01 09:25:09.143787+00', null, 'e262af09-a6dc-4a0c-abfc-462a920ba431', '3ca8d7ea-d939-440e-b9f1-910795aee977'),
       ('MATERIAL', '9066', 'Afvoer band(en)', 'kg', 'HOOG', null, null, 'ACTIVE', '8030', '8030', '2025-12-01 09:25:09.143787+00', null, '2025-12-01 09:25:09.143787+00', null, 'e3d4c4f7-b36a-4e7f-898b-ff024266f2b6', '67ddf59c-6455-4111-8fb6-37a8552d52b5'),
       ('MATERIAL', '6', 'Chroomstaal', 'kg', 'HOOG', null, null, 'ACTIVE', '6115', '8030', '2025-12-01 09:25:09.143787+00', null, '2025-12-01 09:25:09.143787+00', null, 'e48a7e7d-24bb-44a7-846b-88279d3afa65', 'c2697524-b2a2-45df-b691-abe9c5a2a1c6'),
       ('MATERIAL', '9000', 'Draaisel ijzer', 'kg', 'HOOG', null, null, 'ACTIVE', '6115', '8030', '2025-12-01 09:25:09.143787+00', null, '2025-12-01 09:25:09.143787+00', null, 'e671cc8f-339c-4cbf-8f7d-e9a11ce4143e', 'c2697524-b2a2-45df-b691-abe9c5a2a1c6'),
       ('MATERIAL', '7020', 'Moederborden bonte kwaliteit', 'kg', 'HOOG', null, null, 'ACTIVE', '6115', '8030', '2025-12-01 09:25:09.143787+00', null, '2025-12-01 09:25:09.143787+00', null, 'e7aea822-6dfb-40b1-bffa-15dd7b5d9c6c', 'dbc8d737-ecd6-4697-bfef-875f00776c4f'),
       ('MATERIAL', 'E4/06', 'Wasmachines', 'kg', 'HOOG', null, null, 'ACTIVE', '6115', '8030', '2025-12-01 09:25:09.143787+00', null, '2025-12-01 09:25:09.143787+00', null, 'e87ca80d-394d-465f-8944-d368b72ff13b', '1c5fcaa2-4a9a-4d3e-b5eb-458693d43e81'),
       ('MATERIAL', 'E4/11', 'Zonnebanken', 'kg', 'HOOG', null, null, 'ACTIVE', null, null, '2025-12-01 09:25:09.143787+00', null, '2025-12-01 09:25:09.143787+00', null, 'e8972b56-dc52-46f3-977f-e844f7f2529b', '1c5fcaa2-4a9a-4d3e-b5eb-458693d43e81'),
       ('MATERIAL', '9060', 'Afvoer grond/zand', 'kg', 'HOOG', null, null, 'ACTIVE', '6115', '8030', '2025-12-01 09:25:09.143787+00', null, '2025-12-01 09:25:09.143787+00', null, 'e8e858e3-dd0d-4544-b332-7fae6e916dfb', '67ddf59c-6455-4111-8fb6-37a8552d52b5'),
       ('MATERIAL', 'E4/16', 'Grootkeukenapparatuur (ongekoeld)', 'kg', 'HOOG', null, null, 'ACTIVE', null, null, '2025-12-01 09:25:09.143787+00', null, '2025-12-01 09:25:09.143787+00', null, 'e9ef98f0-3269-416e-bf52-509e8f0eded1', '1c5fcaa2-4a9a-4d3e-b5eb-458693d43e81'),
       ('MATERIAL', 'E4/04', 'Fornuizen', 'kg', 'HOOG', null, null, 'ACTIVE', null, null, '2025-12-01 09:25:09.143787+00', null, '2025-12-01 09:25:09.143787+00', null, 'eac97a67-35b1-4872-af2f-dd321ffc0dd6', '1c5fcaa2-4a9a-4d3e-b5eb-458693d43e81'),
       ('MATERIAL', 'E4/34', 'Open Scope app >50cm-zonder primaire elek. functie', 'kg', 'HOOG', null, null, 'ACTIVE', null, null, '2025-12-01 09:25:09.143787+00', null, '2025-12-01 09:25:09.143787+00', null, 'ebe61676-e7d7-4b53-8df5-0ad1d465415a', '1c5fcaa2-4a9a-4d3e-b5eb-458693d43e81'),
       ('MATERIAL', '3003', 'Aluminium nieuw plaat zonder folie', 'kg', 'HOOG', null, null, 'ACTIVE', '6115', '8030', '2025-12-01 09:25:09.143787+00', null, '2025-12-01 09:25:09.143787+00', null, 'ec75e5f6-373c-470c-8456-4f429eb2c8a3', '3ca8d7ea-d939-440e-b9f1-910795aee977'),
       ('MATERIAL', '8006', 'Ketelblokken intergas', 'kg', 'HOOG', null, null, 'ACTIVE', '6115', '8030', '2025-12-01 09:25:09.143787+00', null, '2025-12-01 09:25:09.143787+00', null, 'ed15c9f2-61e3-4f59-8043-9bdb03133d60', '1c5fcaa2-4a9a-4d3e-b5eb-458693d43e81'),
       ('MATERIAL', '8003', 'Accu lood', 'kg', 'HOOG', null, null, 'ACTIVE', '6115', '8030', '2025-12-01 09:25:09.143787+00', null, '2025-12-01 09:25:09.143787+00', null, 'ed1694a8-3f02-4fa8-900a-1d10cb3ba4a5', 'a5cae95a-2185-43a1-8f32-4dd09c7d3dfe'),
       ('MATERIAL', '17', 'Ijzer balk lang', 'kg', 'HOOG', null, null, 'ACTIVE', '6115', '8030', '2025-12-01 09:25:09.143787+00', null, '2025-12-01 09:25:09.143787+00', null, 'edaeebdd-b28f-420e-bdce-6c84ad89cc33', 'c2697524-b2a2-45df-b691-abe9c5a2a1c6'),
       ('MATERIAL', '8007', 'Ijzer / Cu Koeler', 'kg', 'HOOG', null, null, 'ACTIVE', '6115', '8030', '2025-12-01 09:25:09.143787+00', null, '2025-12-01 09:25:09.143787+00', null, 'edc7932a-ea8a-447a-a943-42ab9d07b0b5', '1c5fcaa2-4a9a-4d3e-b5eb-458693d43e81'),
       ('MATERIAL', '6006', 'Motorblokken', 'kg', 'HOOG', null, null, 'ACTIVE', '6118', '8030', '2025-12-01 09:25:09.143787+00', null, '2025-12-01 09:25:09.143787+00', null, 'ef42143e-3092-45a4-ad5c-20c87f73ed9b', '03b74bd6-3ad6-4190-a640-e4138382e051'),
       ('MATERIAL', '7030', 'Memorycards Gold', 'kg', 'HOOG', null, null, 'ACTIVE', '6115', '8030', '2025-12-01 09:25:09.143787+00', null, '2025-12-01 09:25:09.143787+00', null, 'f0e79b07-e4e5-4638-9d17-588fddc157cf', 'dbc8d737-ecd6-4697-bfef-875f00776c4f'),
       ('MATERIAL', '3012', 'Aluminium lakplaat', 'kg', 'HOOG', null, null, 'ACTIVE', '6115', '8030', '2025-12-01 09:25:09.143787+00', null, '2025-12-01 09:25:09.143787+00', null, 'f1792de2-586a-42a9-8832-b7f0772009dd', '3ca8d7ea-d939-440e-b9f1-910795aee977'),
       ('MATERIAL', 'E5/11', 'Elektrische muziekinstrumenten (<50cm)', 'kg', 'HOOG', null, null, 'ACTIVE', null, null, '2025-12-01 09:25:09.143787+00', null, '2025-12-01 09:25:09.143787+00', null, 'f1a42f86-1ed5-47c2-aca3-aea1bf3e900a', 'c2433219-ee6d-48a8-96f7-b0c3f35328ed'),
       ('MATERIAL', '10002', 'Puin', 'kg', 'HOOG', null, null, 'ACTIVE', null, null, '2025-12-01 09:25:09.143787+00', null, '2025-12-01 09:25:09.143787+00', null, 'f25f15a5-2fb5-4e4e-958d-1838ddc87fe4', 'a5cae95a-2185-43a1-8f32-4dd09c7d3dfe'),
       ('MATERIAL', '7009', 'Nikkel (zuiver)', 'kg', 'HOOG', null, null, 'ACTIVE', '6115', '8030', '2025-12-01 09:25:09.143787+00', null, '2025-12-01 09:25:09.143787+00', null, 'f392ae53-ce9e-4cbd-a3d4-38e097b26f16', '02004267-9eac-42f9-b1cb-2905840bd1bc'),
       ('MATERIAL', '2006', 'Koper handgepeld', 'kg', 'HOOG', null, null, 'ACTIVE', '6115', '8030', '2025-12-01 09:25:09.143787+00', null, '2025-12-01 09:25:09.143787+00', null, 'f40d52c9-baf8-46bf-9cd5-65c75a16469d', '7cf92eff-d41b-489f-8a44-c9c9347fc33f'),
       ('MATERIAL', '3011', 'Aluminum kabel handgepeld', 'kg', 'HOOG', null, null, 'ACTIVE', '6115', '8030', '2025-12-01 09:25:09.143787+00', null, '2025-12-01 09:25:09.143787+00', null, 'f41135e3-e4fc-4eea-8158-893c81ce1c66', '3ca8d7ea-d939-440e-b9f1-910795aee977'),
       ('MATERIAL', '3007', 'Aluminium lak profiel kort', 'kg', 'HOOG', null, null, 'ACTIVE', '6115', '8030', '2025-12-01 09:25:09.143787+00', null, '2025-12-01 09:25:09.143787+00', null, 'f49dace8-9520-46d4-9d31-2a82fd2bc2e7', '3ca8d7ea-d939-440e-b9f1-910795aee977'),
       ('MATERIAL', '3014', 'Alu raffineer + print', 'kg', 'HOOG', null, null, 'ACTIVE', '6115', '8030', '2025-12-01 09:25:09.143787+00', null, '2025-12-01 09:25:09.143787+00', null, 'f4e6a0a7-7e06-4151-b9da-116cc4c7343c', 'c2433219-ee6d-48a8-96f7-b0c3f35328ed'),
       ('MATERIAL', 'E1/02', 'Wasdrogers (met warmtepomp)', 'kg', 'HOOG', null, null, 'ACTIVE', null, null, '2025-12-01 09:25:09.143787+00', null, '2025-12-01 09:25:09.143787+00', null, 'f4fddb0f-cc84-4eb1-998e-d01864e12eee', '6ee2f6bc-42b9-478d-9059-8b9a09031012'),
       ('MATERIAL', 'E5/02', 'Magnetrons en ovens (<50cm)', 'kg', 'HOOG', null, null, 'ACTIVE', null, null, '2025-12-01 09:25:09.143787+00', null, '2025-12-01 09:25:09.143787+00', null, 'f524ec3e-4e0f-4ed5-9f07-c89b07e64122', 'c2433219-ee6d-48a8-96f7-b0c3f35328ed'),
       ('MATERIAL', '8009', 'ALU / Cu Koelers maximaal 5% ijzer', 'kg', 'HOOG', null, null, 'ACTIVE', '6115', '8030', '2025-12-01 09:25:09.143787+00', null, '2025-12-01 09:25:09.143787+00', null, 'f6632d30-5fec-44b0-9ecb-fe5b53567653', '03b74bd6-3ad6-4190-a640-e4138382e051'),
       ('MATERIAL', '7003', 'Printplaten in rek (ESS)', 'kg', 'HOOG', null, null, 'ACTIVE', '6115', '8030', '2025-12-01 09:25:09.143787+00', null, '2025-12-01 09:25:09.143787+00', null, 'f776b712-e36e-416e-b054-01a180e89e04', 'dbc8d737-ecd6-4697-bfef-875f00776c4f'),
       ('MATERIAL', '2003', 'Koper granulaat 2', 'kg', 'HOOG', null, null, 'ACTIVE', '6115', '8030', '2025-12-01 09:25:09.143787+00', null, '2025-12-01 09:25:09.143787+00', null, 'f83adbfd-cc6e-46ac-b51c-607c5a0890b6', '7cf92eff-d41b-489f-8a44-c9c9347fc33f'),
       ('MATERIAL', 'E3/06', 'TL-lampen (excl. Led TL)*', 'kg', 'HOOG', null, null, 'ACTIVE', null, null, '2025-12-01 09:25:09.143787+00', null, '2025-12-01 09:25:09.143787+00', null, 'f84b8c3a-3ffe-4ec6-9762-d94e9db63fa1', '5f4f39ad-17d6-477d-806e-5d452b312b83'),
       ('MATERIAL', 'E1/03', 'Airco-apparatuur (los)', 'kg', 'HOOG', null, null, 'ACTIVE', null, null, '2025-12-01 09:25:09.143787+00', null, '2025-12-01 09:25:09.143787+00', null, 'f87efcb6-b305-4387-8aec-8ad2272d5efb', '6ee2f6bc-42b9-478d-9059-8b9a09031012'),
       ('MATERIAL', 'E4/18', 'Textielbewerkingsapparatuur (>50cm)', 'kg', 'HOOG', null, null, 'ACTIVE', null, null, '2025-12-01 09:25:09.143787+00', null, '2025-12-01 09:25:09.143787+00', null, 'f887b980-8629-41bc-83ec-7a033ee0e75d', null),
       ('MATERIAL', '8003*', 'Ram geheugen', 'kg', 'HOOG', null, null, 'ACTIVE', '6115', '8030', '2025-12-01 09:25:09.143787+00', null, '2025-12-01 09:25:09.143787+00', null, 'f947caba-022b-43c2-a071-19719a1823a1', 'c801c5aa-f7bf-4637-b5bc-4b36feef4ad0'),
       ('MATERIAL', '1007', 'Kabel grond (dik hoogwaardig)', 'kg', 'HOOG', null, null, 'ACTIVE', '6115', '8030', '2025-12-01 09:25:09.143787+00', null, '2025-12-01 09:25:09.143787+00', null, 'fa49a38d-a3ec-44fe-8de5-47bdadc42fea', 'e11b60ff-5552-49bf-b545-7c2358ccdeb2'),
       ('MATERIAL', '2015', 'Koper handgepeld vertint', 'kg', 'HOOG', null, null, 'ACTIVE', '6115', '8030', '2025-12-01 09:25:09.143787+00', null, '2025-12-01 09:25:09.143787+00', null, 'fd746892-69fc-4152-9c44-aa1387555b2d', '7cf92eff-d41b-489f-8a44-c9c9347fc33f'),
       ('MATERIAL', '3', 'Ijzer 3B', 'kg', 'HOOG', null, null, 'ACTIVE', '6115', '8030', '2025-12-01 09:25:09.143787+00', null, '2025-12-01 09:25:09.143787+00', null, 'ffb4b58a-d44a-4182-bddf-84097166d3a3', 'c2697524-b2a2-45df-b691-abe9c5a2a1c6');

INSERT INTO "jobrunr"."jobrunr_migrations" ("id", "script", "installedon")
VALUES ('00f35f97-3d46-4ded-b280-d407a0e053a0', 'v003__create_background_job_server_table.sql', '2026-01-02T08:51:07.448884Z'),
       ('245eb53f-e3be-416d-8398-0801b7f4d3fa', 'v004__create_job_stats_view.sql', '2026-01-02T08:51:07.620736Z'),
       ('2f704c40-895f-4b66-9feb-c9742d29afcc', 'v013__alter_table_recurring_job_add_createdAt.sql', '2026-01-02T08:51:08.149345Z'),
       ('3a3c98fd-85f0-4366-9e15-0254290ca2fd', 'v000__create_migrations_table.sql', '2026-01-02T08:51:07.127202Z'),
       ('5e558931-7c6f-4dbb-91fe-23a8a52c1192', 'v015__alter_table_backgroundjobserver_add_name.sql', '2026-01-02T08:51:08.292646Z'),
       ('6338d377-7f4c-4119-8945-2285de5e0973', 'v006__alter_table_jobs_add_recurringjob.sql', '2026-01-02T08:51:07.750604Z'),
       ('6e7c98d2-d4a2-4328-895f-1309069668aa', 'v001__create_job_table.sql', '2026-01-02T08:51:07.307742Z'),
       ('84e57160-4f15-4b60-a502-b22037319225', 'v014__improve_job_stats.sql', '2026-01-02T08:51:08.244824Z'),
       ('a6f126ab-db2b-4a09-a895-b704a248963c', 'v009__change_jobrunr_job_counters_to_jobrunr_metadata.sql', '2026-01-02T08:51:07.956537Z'),
       ('a9fca3cb-05d2-4881-9af2-d30058342376', 'v016__alter_jobs_stats_add_awaiting_jobs.sql', '2026-01-02T08:51:08.353968Z'),
       ('ab4efac3-b805-4208-a065-978504d62132', 'v002__create_recurring_job_table.sql', '2026-01-02T08:51:07.361377Z'),
       ('b71b64ef-bfa8-4601-b5ae-0371d25bcf07', 'v008__alter_table_jobs_increase_jobAsJson_size.sql', '2026-01-02T08:51:07.838494Z'),
       ('c051ed19-4bcf-4325-a188-d30ef1f60bd3', 'v010__change_job_stats.sql', '2026-01-02T08:51:08.021848Z'),
       ('ea360c7c-3924-4d91-88d7-1d92ca6d8def', 'v007__alter_table_backgroundjobserver_add_delete_config.sql', '2026-01-02T08:51:07.809203Z'),
       ('ecc489b9-05e6-4018-bde1-8ab48faa38f9', 'v011__change_sqlserver_text_to_varchar.sql', '2026-01-02T08:51:08.052514Z'),
       ('f2984c28-07b0-428f-afea-cace33b466d2', 'v005__update_job_stats_view.sql', '2026-01-02T08:51:07.682983Z'),
       ('f6a456bd-9a9b-4b15-b032-a8d72bf2f24a', 'v012__change_oracle_alter_jobrunr_metadata_column_size.sql', '2026-01-02T08:51:08.082991Z');
