SET search_path TO public, extensions;

INSERT INTO auth.users (instance_id,
                        id,
                        aud,
                        role,
                        email,
                        encrypted_password,
                        email_confirmed_at,
                        recovery_sent_at,
                        last_sign_in_at,
                        raw_app_meta_data,
                        raw_user_meta_data,
                        created_at,
                        updated_at,
                        confirmation_token,
                        email_change,
                        email_change_token_new,
                        recovery_token)
VALUES ('00000000-0000-0000-0000-000000000000',
        gen_random_uuid(),
        'authenticated',
        'authenticated',
        'admin@eazyrecycling.nl',
        crypt('password123', gen_salt('bf')),
        current_timestamp,
        current_timestamp,
        current_timestamp,
        '{"provider":"email","providers":["email"]}',
        jsonb_build_object('first_name', 'Aad', 'last_name', 'Admin', 'roles', array ['admin', 'planner']),
        current_timestamp,
        current_timestamp,
        '',
        '',
        '',
        ''),
        ('00000000-0000-0000-0000-000000000000',
        gen_random_uuid(),
        'authenticated',
        'authenticated',
        'planner@eazyrecycling.nl',
        crypt('password123', gen_salt('bf')),
        current_timestamp,
        current_timestamp,
        current_timestamp,
        '{"provider":"email","providers":["email"]}',
        jsonb_build_object('first_name', 'Peter', 'last_name', 'Planner', 'roles', array ['planner']),
        current_timestamp,
        current_timestamp,
        '',
        '',
        '',
        ''),
        ('00000000-0000-0000-0000-000000000000',
        gen_random_uuid(),
        'authenticated',
        'authenticated',
        'chauffeur@eazyrecycling.nl',
        crypt('password123', gen_salt('bf')),
        current_timestamp,
        current_timestamp,
        current_timestamp,
        '{"provider":"email","providers":["email"]}',
        jsonb_build_object('first_name', 'Sjaak', 'last_name', 'Chauffeur', 'roles', array ['chauffeur']),
        current_timestamp,
        current_timestamp,
        '',
        '',
        '',
        '');

INSERT INTO "public"."trucks" ("license_plate", "brand", "model", "updated_at") VALUES
	('86-BVB-6', 'Scania', 'Haakarm', '2025-09-19 10:56:08.866574+00');

INSERT INTO "public"."companies" ("id", "name", "chamber_of_commerce_id", "street_name", "postal_code", "city", "vihb_id", "updated_at", "building_name", "building_number", "country") VALUES
	('6a683b2a-96d6-454c-8cae-4a7e2a03f249', 'Eazy Recycling', '12345678', 'Straat', '1234 AB', 'Rotterdam', '123456VIXX', '2025-09-19 11:22:15.258406+00', NULL, '8', 'Nederland'),
	('b6d76e22-998b-4842-826d-8d42853e87a5', 'King Customer', '87654321', 'Coolsingel', '3011 AD', ' Rotterdam', NULL, '2025-09-19 11:23:33.417513+00', NULL, '40', 'Nederland');


insert into public.eural (code, description)
values ('16 01 17', 'ferrometalen'),
       ('16 01 18', 'non-ferrometalen'),
       ('17 04 01', 'koper, brons en messing'),
       ('17 04 02', 'aluminium'),
       ('17 04 03', 'lood'),
       ('17 04 04', 'zink'),
       ('17 04 05', 'ijzer en staal'),
       ('17 04 06', 'tin'),
       ('17 04 07', 'gemengde metalen'),
       ('20 01 40', 'metalen'),
       ('16 02 14', 'niet onder 16 02 09 tot en met 16 02 13 vallende afgedankte apparatuur'),
       ('16 02 16', 'niet onder 16 02 15 vallende uit afgedankte apparatuur verwijderde onderdelen (trafo''s en elektromotoren)'),
       ('20 01 36', 'niet onder 20 01 21, 20 01 23 en 20 01 35 vallende afgedankte elektrische en elektronische apparatuur'),
       ('09 01 11*', 'wegwerpcamera''s met onder 16 06 01, 16 06 02 of 16 06 03 vermelde batterijen 09 01 12 niet onder 09
01 11 vallende wegwerpcamera''s met batterijen'),
       ('16 02 13*', 'niet onder 16 02 09 tot en met 16 02 12 vallende afgedankte apparatuur die gevaarlijke onderdelen
bevat'),
       ('16 02 15*', 'uit afgedankte apparatuur verwijderde gevaarlijke onderdelen'),
       ('20 01 35*', 'niet onder 20 01 21 en 20 01 23 vallende afgedankte elektrische en elektronische apparatuur die
gevaarlijke onderdelen bevat'),
       ('16 06 01*', 'loodaccu''s'),
       ('17 04 11', 'niet onder 17 04 10 vallende kabels'),
       ('20 01 33*', 'onder 16 06 01, 16 06 02 of 16 06 03 vermelde batterijen en accu’s alsmede ongesorteerde mengsels van batterijen en accu''s die
dergelijke batterijen en accu''s bevatten'),
       ('20 01 34', 'niet onder 20 01 33 vallende batterijen en accu''s'),
       ('16 06 02*', 'NiCd-batterijen'),
       ('19 12 10', 'brandbaar afval (RDF)'),
       ('19 12 11*', 'overig afval (inclusief mengsels van materialen) van mechanische afvalverwerking dat gevaarlijke stoffen bevat'),
       ('19 12 12 o', 'overig, niet onder 19 12 11 vallend afval (inclusief mengsels van materialen) van mechanische afvalverwerking');

INSERT INTO processing_methods (code, description)
VALUES ('A.01', 'Bewaren'),
       ('A.02', 'Overslag / opbulken'),
       ('B.01', 'Inzetten als veevoer'),
       ('B.02', 'Inzetten als meststof'),
       ('B.03', 'Inzetten als bouwstof'),
       ('B.04', 'Inzetten als brandstof'),
       ('B.05', 'Overig inzetten als grondstof'),
       ('C.01', 'Breken'),
       ('C.02', 'Shredden / knippen'),
       ('C.03', 'Sorteren/scheiden'),
       ('C.04', 'Immobiliseren voor hergebruik'),
       ('D.01', 'Chemisch/fysisch scheiden'),
       ('D.02', 'ONO is ontgiften, neutraliseren en ontwateren'),
       ('D.03', 'Destilleren'),
       ('D.04', 'Metaal terugwinnen (chemisch)'),
       ('D.05', 'Extractief reinigen (grond)'),
       ('D.06', 'Oxidatie onder hoge druk'),
       ('E.01', 'Vergisten'),
       ('E.02', 'Composteren, anaeroob'),
       ('E.03', 'Composteren, aeroob'),
       ('E.04', 'Biologisch reinigen (water)'),
       ('E.05', 'Biologisch reinigen (grond)'),
       ('F.01', 'Verbranden in roosterovens'),
       ('F.02', 'Verbranden in draaitrommelovens'),
       ('F.03', 'Pyrolyse'),
       ('F.04', 'Vergassen'),
       ('F.05', 'Uitgloeien (grond)'),
       ('F.06', 'Verbranden met terugwinnen materiaal (chloor, zwavel ..)'),
       ('F.07', 'Verbranden met terugwinnen energie (bijstoken)'),
       ('G.01', 'Direct storten'),
       ('G.02', 'Immobiliseren');

INSERT INTO "public"."waste_containers" ("id", "type", "created_at", "updated_at", "location_company_id", "street_name", "postal_code", "city", "building_number", "building_name", "country", "notes") VALUES
	('40M001', NULL, '2025-09-22 08:04:13.247323+00', '2025-09-22 08:04:13.247323+00', NULL, '', '', '', '', NULL, 'Nederland', '');


INSERT INTO "public"."material_groups" ("id", "code", "name", "description", "created_at", "updated_at")
VALUES ('6', '001', 'Koper', '', '2025-11-20 12:57:25.073089+00', null),
       ('5', '002', 'Kabel', '', '2025-11-20 12:57:20.412787+00', null),
       ('7', '003', 'Messing', '', '2025-11-20 12:57:32.778148+00', null),
       ('19', '004', 'Aluminium', '', '2025-11-20 13:09:46.565015+00', null),
       ('10', '005', 'RVS', '', '2025-11-20 12:57:55.98091+00', null),
       ('11', '006', 'Sloop', '', '2025-11-20 12:58:02.976563+00', null),
       ('4', '007', 'Diversen', '', '2025-11-20 12:57:10.112323+00', null),
       ('9', '008', 'Raffineer', '', '2025-11-20 12:57:49.562031+00', null),
       ('21', '009', 'Ijzer', null, '2025-11-26 13:42:28+00', null),
       ('20', '010', 'ICT', null, '2025-11-26 13:41:35+00', null),
       ('12', '011', 'Transport', '', '2025-11-20 12:58:11.377329+00', null),
       ('2', '012', 'Afvoer', '', '2025-11-20 12:56:07.034268+00', null),
       ('3', '013', 'Brons', '', '2025-11-20 12:57:02.457055+00', null),
       ('8', '014', 'Nikkel', '', '2025-11-20 12:57:41.579387+00', null),
       ('13', 'W1', 'WEEEA1', '', '2025-11-20 12:58:26.022143+00', null),
       ('14', 'W2', 'WEEEA2', '', '2025-11-20 12:58:34.139484+00', null),
       ('15', 'W3', 'WEEEA3', '', '2025-11-20 12:58:43.291158+00', null),
       ('17', 'W4', 'WEEEA4', '', '2025-11-20 13:03:07.182161+00', null),
       ('22', 'W5', 'WEEEA5', null, '2025-11-26 13:42:57+00', null),
       ('23', 'W6', 'WEEEA6', null, '2025-11-26 13:43:12+00', null);

INSERT INTO materials (id, code, name, material_group_id, unit_of_measure, vat_code, purchase_account_number, sales_account_number, status, created_at, updated_at)
VALUES (1, '1', 'Ijzer', 21, 'kg', 'HOOG', '6115', '8030', 'ACTIVE', NOW(), NOW()),
       (2, '2', 'Fietsen', 21, 'kg', 'HOOG', '6115', '8030', 'ACTIVE', NOW(), NOW()),
       (3, '3', 'Ijzer 3B', 21, 'kg', 'HOOG', '6115', '8030', 'ACTIVE', NOW(), NOW()),
       (4, '5', 'Ijzer velgen', 21, 'kg', 'HOOG', '6115', '8030', 'ACTIVE', NOW(), NOW()),
       (5, '6', 'Chroomstaal', 21, 'kg', 'HOOG', '6115', '8030', 'ACTIVE', NOW(), NOW()),
       (6, '7', 'Ijzer Betonijzer', 21, 'kg', 'HOOG', '6115', '8030', 'ACTIVE', NOW(), NOW()),
       (7, '8', 'Ijzer HMS 1', 21, 'kg', 'HOOG', '6115', '8030', 'ACTIVE', NOW(), NOW()),
       (8, '9', 'Ijzer knip 1/2', 21, 'kg', 'HOOG', '6115', '8030', 'ACTIVE', NOW(), NOW()),
       (9, '10', 'Chroom 6 verdacht', 21, 'kg', 'HOOG', '6115', '8030', 'ACTIVE', NOW(), NOW()),
       (10, '11', 'Ijzer Gegalvaniseerd', 21, 'kg', 'HOOG', '6115', '8030', 'ACTIVE', NOW(), NOW()),
       (11, '12', 'Ijzer extern afgevoerd van locatie', 21, 'kg', 'HOOG', '6115', '8030', 'ACTIVE', NOW(), NOW()),
       (12, '13', 'Diverse metalen', 21, 'kg', 'HOOG', '6115', '8030', 'ACTIVE', NOW(), NOW()),
       (13, '16', 'Ijzer gruis', 21, 'kg', 'HOOG', '6115', '8030', 'ACTIVE', NOW(), NOW()),
       (14, '17', 'Ijzer balk lang', 21, 'kg', 'HOOG', '6115', '8030', 'ACTIVE', NOW(), NOW()),
       (15, '1000', 'Kabel', 5, 'kg', 'HOOG', '6115', '8030', 'ACTIVE', NOW(), NOW()),
       (16, '10000', 'Hout', 11, 'kg', 'HOOG', NULL, NULL, 'ACTIVE', NOW(), NOW()),
       (17, '10001', 'BSA', 11, 'kg', 'HOOG', NULL, NULL, 'ACTIVE', NOW(), NOW()),
       (18, '10002', 'Puin', 11, 'kg', 'HOOG', NULL, NULL, 'ACTIVE', NOW(), NOW()),
       (19, '1001', 'Kabel autokabel vuil', 22, 'kg', 'HOOG', '6115', '8030', 'ACTIVE', NOW(), NOW()),
       (20, '1002', 'Kabel autokabel schoon', 22, 'kg', 'HOOG', '6115', '8030', 'ACTIVE', NOW(), NOW()),
       (21, '1003', 'Kabel 70%', 5, 'kg', 'HOOG', '6115', '8030', 'ACTIVE', NOW(), NOW()),
       (22, '1004', 'Kabel concentrisch', 5, 'kg', 'HOOG', '6115', '8030', 'ACTIVE', NOW(), NOW()),
       (23, '1005', 'Kabel 38%', 5, 'kg', 'HOOG', '6115', '8030', 'ACTIVE', NOW(), NOW()),
       (24, '1006', 'Kabel grond (dun laagwaardig)', 5, 'kg', 'HOOG', '6115', '8030', 'ACTIVE', NOW(), NOW()),
       (25, '1007', 'Kabel grond (dik hoogwaardig)', 5, 'kg', 'HOOG', '6115', '8030', 'ACTIVE', NOW(), NOW()),
       (26, '1008', 'Kabel 50%', 5, 'kg', 'HOOG', '6115', '8030', 'ACTIVE', NOW(), NOW()),
       (27, '1009', 'Kabel 60%', 5, 'kg', 'HOOG', '6115', '8030', 'ACTIVE', NOW(), NOW()),
       (28, '1010', 'Kabel koper / aluminium', 5, 'kg', 'HOOG', '6115', '8030', 'ACTIVE', NOW(), NOW()),
       (29, '1011', 'Kabel 55%', 5, 'kg', 'HOOG', '6115', '8030', 'ACTIVE', NOW(), NOW()),
       (30, '1012', 'Kabel aluminium', 5, 'kg', 'HOOG', '6115', '8030', 'ACTIVE', NOW(), NOW()),
       (31, '1013', 'Kabel Laagwaardig', 5, 'kg', 'HOOG', '6115', '8030', 'ACTIVE', NOW(), NOW()),
       (32, '1014', 'Kabel Papier 80%', 5, 'kg', 'HOOG', '6115', '8030', 'ACTIVE', NOW(), NOW()),
       (33, '1015', 'Kabel stekker', 22, 'kg', 'HOOG', '6115', '8030', 'ACTIVE', NOW(), NOW()),
       (34, '1016', 'Kabel trekdraad', 5, 'kg', 'HOOG', '6115', '8030', 'ACTIVE', NOW(), NOW()),
       (35, '1017', 'Kabel 75%', 5, 'kg', 'HOOG', '6115', '8030', 'ACTIVE', NOW(), NOW()),
       (36, '1018', 'Kabel 70%', 5, 'kg', 'HOOG', '6115', '8030', 'ACTIVE', NOW(), NOW()),
       (37, '1019', 'Kabel 80%', 5, 'kg', 'HOOG', '6115', '8030', 'ACTIVE', NOW(), NOW()),
       (38, '1020', 'Kabel 40%', 5, 'kg', 'HOOG', '6115', '8030', 'ACTIVE', NOW(), NOW()),
       (39, '1021', 'Kabel 45%', 5, 'kg', 'HOOG', '6115', '8030', 'ACTIVE', NOW(), NOW()),
       (40, '1022', 'Kabel onder bevinding', 5, 'kg', 'HOOG', '6115', '8030', 'ACTIVE', NOW(), NOW()),
       (41, '1023', 'Kabel Solar', 5, 'kg', 'HOOG', '6115', '8030', 'ACTIVE', NOW(), NOW()),
       (42, '1024', 'Diverse soorten kabel', 5, 'kg', 'HOOG', NULL, NULL, 'ACTIVE', NOW(), NOW()),
       (43, '2000', 'Koper', 6, 'kg', 'HOOG', '6115', '8030', 'ACTIVE', NOW(), NOW()),
       (44, '2001', 'Koper elektrolyt 100% Schoon', 6, 'kg', 'HOOG', '6115', '8030', 'ACTIVE', NOW(), NOW()),
       (45, '2002', 'Koper granulaat 1', 6, 'kg', 'HOOG', '6115', '8030', 'ACTIVE', NOW(), NOW()),
       (46, '2003', 'Koper granulaat 2', 6, 'kg', 'HOOG', '6115', '8030', 'ACTIVE', NOW(), NOW()),
       (47, '2004', 'Koper granulaat vertint', 6, 'kg', 'HOOG', '6115', '8030', 'ACTIVE', NOW(), NOW()),
       (48, '2005', 'Koper elektrolyten vuil', 6, 'kg', 'HOOG', '6115', '8030', 'ACTIVE', NOW(), NOW()),
       (49, '2006', 'Koper handgepeld', 6, 'kg', 'HOOG', '6115', '8030', 'ACTIVE', NOW(), NOW()),
       (50, '2007', 'Koper handgepeld geoxideerd', 6, 'kg', 'HOOG', '6115', '8030', 'ACTIVE', NOW(), NOW()),
       (51, '2008', 'Koper vertint', 6, 'kg', 'HOOG', '6115', '8030', 'ACTIVE', NOW(), NOW()),
       (52, '2009', 'Koper nieuw rood', 6, 'kg', 'HOOG', '6115', '8030', 'ACTIVE', NOW(), NOW()),
       (53, '2010', 'Koper gemengd 96%', 6, 'kg', 'HOOG', '6115', '8030', 'ACTIVE', NOW(), NOW()),
       (54, '2011', 'Koper zwaar rood', 6, 'kg', 'HOOG', '6115', '8030', 'ACTIVE', NOW(), NOW()),
       (55, '2012', 'Koper gemengd 90% t/m 95%', 6, 'kg', 'HOOG', '6115', '8030', 'ACTIVE', NOW(), NOW()),
       (56, '2013', 'Koper gemengd 98%', 6, 'kg', 'HOOG', '6115', '8030', 'ACTIVE', NOW(), NOW()),
       (57, '2014', 'Koper Electrolyt Vertint', 6, 'kg', 'HOOG', '6115', '8030', 'ACTIVE', NOW(), NOW()),
       (58, '2015', 'Koper handgepeld vertint', 6, 'kg', 'HOOG', '6115', '8030', 'ACTIVE', NOW(), NOW()),
       (59, '2016', 'Koper gem knip met messing,koppelingen', 6, 'kg', 'HOOG', '6115', '8030', 'ACTIVE', NOW(), NOW()),
       (60, '2017', 'Koper Lakdraad', 6, 'kg', 'HOOG', '6115', '8030', 'ACTIVE', NOW(), NOW()),
       (61, '3000', 'Aluminium', 19, 'kg', 'HOOG', '6115', '8030', 'ACTIVE', NOW(), NOW()),
       (62, '3001', 'Aluminium iso profiel', 19, 'kg', 'HOOG', '6115', '8030', 'ACTIVE', NOW(), NOW()),
       (63, '3002', 'Aluminium nieuw plaat met folie', 19, 'kg', 'HOOG', '6115', '8030', 'ACTIVE', NOW(), NOW()),
       (64, '3003', 'Aluminium nieuw plaat zonder folie', 19, 'kg', 'HOOG', '6115', '8030', 'ACTIVE', NOW(), NOW()),
       (65, '3004', 'Aluminium gegoten', 19, 'kg', 'HOOG', '6115', '8030', 'ACTIVE', NOW(), NOW()),
       (66, '3005', 'Aluminium geslagen', 19, 'kg', 'HOOG', '6115', '8030', 'ACTIVE', NOW(), NOW()),
       (67, '3006', 'Aluminium blank profiel', 19, 'kg', 'HOOG', '6115', '8030', 'ACTIVE', NOW(), NOW()),
       (68, '3007', 'Aluminium lak profiel kort', 19, 'kg', 'HOOG', '6115', '8030', 'ACTIVE', NOW(), NOW()),
       (69, '3008', 'Aluminium Ausbau profiel', 19, 'kg', 'HOOG', '6115', '8030', 'ACTIVE', NOW(), NOW()),
       (70, '3009', 'Aluminium velgen', 19, 'kg', 'HOOG', '6115', '8030', 'ACTIVE', NOW(), NOW()),
       (71, '3010', 'Aluminium Radiateur', 19, 'kg', 'HOOG', '6115', '8030', 'ACTIVE', NOW(), NOW()),
       (72, '3011', 'Aluminum kabel handgepeld', 19, 'kg', 'HOOG', '6115', '8030', 'ACTIVE', NOW(), NOW()),
       (73, '3012', 'Aluminium lakplaat', 19, 'kg', 'HOOG', '6115', '8030', 'ACTIVE', NOW(), NOW()),
       (74, '3013', 'Aluminium Blik', 19, 'kg', 'HOOG', '6115', '8030', 'ACTIVE', NOW(), NOW()),
       (75, '3014', 'Alu raffineer + print', 22, 'kg', 'HOOG', '6115', '8030', 'ACTIVE', NOW(), NOW()),
       (76, '3015', 'Aluminium extern afgevoerd vanaf locatie', 19, 'kg', 'HOOG', '6115', '8030', 'ACTIVE', NOW(), NOW()),
       (77, '3016', 'Aluminium Lamellen', 19, 'kg', 'HOOG', '6115', '8030', 'ACTIVE', NOW(), NOW()),
       (78, '4000', 'Messing', 7, 'kg', 'HOOG', '6115', '8030', 'ACTIVE', NOW(), NOW()),
       (79, '4001', 'Brons', 3, 'kg', 'HOOG', '6115', '8030', 'ACTIVE', NOW(), NOW()),
       (80, '4002', 'Messing haardraad', 7, 'kg', 'HOOG', '6115', '8030', 'ACTIVE', NOW(), NOW()),
       (81, '4003', 'Messing haardraad geoxideerd', 7, 'kg', 'HOOG', '6115', '8030', 'ACTIVE', NOW(), NOW()),
       (82, '4004', 'Messing haardraadpunten', 7, 'kg', 'HOOG', '6115', '8030', 'ACTIVE', NOW(), NOW()),
       (83, '4005', 'Cunial', 8, 'kg', 'HOOG', '6115', '8030', 'ACTIVE', NOW(), NOW()),
       (84, '4006', 'Draaisel Cunial', 7, 'kg', 'HOOG', '6115', '8030', 'ACTIVE', NOW(), NOW()),
       (85, '4007', 'Messing Sloop', 7, 'kg', 'HOOG', '6115', '8030', 'ACTIVE', NOW(), NOW()),
       (86, '4008', 'Messing Hulzen', 7, 'kg', 'HOOG', '6115', '8030', 'ACTIVE', NOW(), NOW()),
       (87, '5000', 'RVS', 10, 'kg', 'HOOG', '6115', '8030', 'ACTIVE', NOW(), NOW()),
       (88, '5001', 'RVS 304', 10, 'kg', 'HOOG', '6115', '8030', 'ACTIVE', NOW(), NOW()),
       (89, '5002', 'RVS 316', 10, 'kg', 'HOOG', '6115', '8030', 'ACTIVE', NOW(), NOW()),
       (90, '5003', 'RVS Warmtewisselaars', 10, 'kg', 'HOOG', '6115', '8030', 'ACTIVE', NOW(), NOW()),
       (91, '5004', 'Inconel 713', 10, 'kg', 'HOOG', '6115', '8030', 'ACTIVE', NOW(), NOW()),
       (92, '5005', 'Titanium', 10, 'kg', 'HOOG', '6115', '8030', 'ACTIVE', NOW(), NOW()),
       (93, '5006', 'RVS Platen met gouden connectoren', 10, 'kg', 'HOOG', '6115', '8030', 'ACTIVE', NOW(), NOW()),
       (94, '5007', 'RVS 201', 10, 'kg', 'HOOG', '6115', '8030', 'ACTIVE', NOW(), NOW()),
       (95, '5008', 'RVS stijlen/bakken met gouden connectoren', 10, 'kg', 'HOOG', '6115', '8030', 'ACTIVE', NOW(), NOW()),
       (96, '5009', 'leeg rvs', 10, 'kg', 'HOOG', '6115', '8030', 'ACTIVE', NOW(), NOW()),
       (97, '5010', 'RVS 302', 10, 'kg', 'HOOG', '6115', '8030', 'ACTIVE', NOW(), NOW()),
       (98, '5011', 'Draaisel RVS 321', 10, 'kg', 'HOOG', NULL, NULL, 'ACTIVE', NOW(), NOW()),
       (99, '6000', 'Elektromotoren', 4, 'kg', 'HOOG', '6115', '8030', 'ACTIVE', NOW(), NOW()),
       (100, '6001', 'Elektromotoren boven 300kg', 4, 'kg', 'HOOG', '6115', '8030', 'ACTIVE', NOW(), NOW()),
       (101, '6002', 'Elektromotoren onder 300kg', 4, 'kg', 'HOOG', '6115', '8030', 'ACTIVE', NOW(), NOW()),
       (102, '6003', 'Trafoblokken', 4, 'kg', 'HOOG', '6115', '8030', 'ACTIVE', NOW(), NOW()),
       (103, '6004', 'Startmotoren en/of  Dynamos', 4, 'kg', 'HOOG', '6115', '8030', 'ACTIVE', NOW(), NOW()),
       (104, '6005', 'Dompelpompen', 17, 'kg', 'HOOG', '6115', '8030', 'ACTIVE', NOW(), NOW()),
       (105, '6006', 'Motorblokken', 4, 'kg', 'HOOG', '6118', '8030', 'ACTIVE', NOW(), NOW()),
       (106, '6115', 'LHA>50 niet gedepollueerd', 22, 'kg', 'HOOG', '6115', '8030', 'ACTIVE', NOW(), NOW()),
       (107, '7000', 'Printplaten', 23, 'kg', 'HOOG', '6115', '8030', 'ACTIVE', NOW(), NOW()),
       (108, '7001', 'Printplaten low grade', 23, 'kg', 'HOOG', '6115', '8030', 'ACTIVE', NOW(), NOW()),
       (109, '7002', 'Printplaten high grade', 23, 'kg', 'HOOG', '6115', '8030', 'ACTIVE', NOW(), NOW()),
       (110, '7003', 'Printplaten in rek (ESS)', 23, 'kg', 'HOOG', '6115', '8030', 'ACTIVE', NOW(), NOW()),
       (111, '7004', 'ICT Materiaal', 23, 'kg', 'HOOG', '6115', '8030', 'ACTIVE', NOW(), NOW()),
       (112, '7005', 'Backplanes High Grade', NULL, 'kg', 'HOOG', '6115', '8030', 'ACTIVE', NOW(), NOW()),
       (113, '7006', 'Telecom materiaal', 23, 'kg', 'HOOG', '6115', '8030', 'ACTIVE', NOW(), NOW()),
       (114, '7007', 'Bruingoed', 4, 'kg', 'HOOG', '6115', '8030', 'ACTIVE', NOW(), NOW()),
       (115, '7008', 'Stekkers mix', 23, 'kg', 'HOOG', '6115', '8030', 'ACTIVE', NOW(), NOW()),
       (116, '7009', 'Nikkel (zuiver)', 8, 'kg', 'HOOG', '6115', '8030', 'ACTIVE', NOW(), NOW()),
       (117, '7010', 'Printplaten A', 23, 'kg', 'HOOG', '6115', '8030', 'ACTIVE', NOW(), NOW()),
       (118, '7011', 'Printplaten B', 23, 'kg', 'HOOG', '6115', '8030', 'ACTIVE', NOW(), NOW()),
       (119, '7012', 'Printplaten C', 23, 'kg', 'HOOG', '6115', '8030', 'ACTIVE', NOW(), NOW()),
       (120, '7013', 'Computerkasten compleet', 23, 'kg', 'HOOG', '6115', '8030', 'ACTIVE', NOW(), NOW()),
       (121, '7014', 'Backplanes Alu', 23, 'kg', 'HOOG', '6115', '8030', 'ACTIVE', NOW(), NOW()),
       (122, '7017', 'Printplaten in rek (afwijkend)', 23, 'kg', 'HOOG', '6115', '8030', 'ACTIVE', NOW(), NOW()),
       (123, '7018', 'Printplaten in rek (AXE)', 23, 'kg', 'HOOG', '6115', '8030', 'ACTIVE', NOW(), NOW()),
       (124, '7019', 'Printplaatkasten leeg ESS', 23, 'kg', 'HOOG', '6115', '8030', 'ACTIVE', NOW(), NOW()),
       (125, '7020', 'Moederborden bonte kwaliteit', 23, 'kg', 'HOOG', '6115', '8030', 'ACTIVE', NOW(), NOW()),
       (126, '7021', 'Harde Schijven', 23, 'kg', 'HOOG', '6115', '8030', 'ACTIVE', NOW(), NOW()),
       (127, '7022', 'Memorycards', 23, 'kg', 'HOOG', '6115', '8030', 'ACTIVE', NOW(), NOW()),
       (128, '7023', 'Lege kasten met HG Backpanels', 20, 'kg', 'HOOG', '6115', '8030', 'ACTIVE', NOW(), NOW()),
       (129, '7024', 'Printplaatkasten leeg AXE', 23, 'kg', 'HOOG', '6115', '8030', 'ACTIVE', NOW(), NOW()),
       (130, '7025', 'Printplaatkasten afwijkend', 23, 'kg', 'HOOG', '6115', '8030', 'ACTIVE', NOW(), NOW()),
       (131, '7026', 'Laptop', 23, 'kg', 'HOOG', '6115', '8030', 'ACTIVE', NOW(), NOW()),
       (132, '7027', 'High grade stekkers sloop', 23, 'kg', 'HOOG', '6115', '8030', 'ACTIVE', NOW(), NOW()),
       (133, '7028', 'Toetsenborden', 23, 'kg', 'HOOG', '6115', '8030', 'ACTIVE', NOW(), NOW()),
       (134, '7029', 'Telefonie', 23, 'kg', 'HOOG', '6115', '8030', 'ACTIVE', NOW(), NOW()),
       (135, '7030', 'Memorycards Gold', 23, 'kg', 'HOOG', '6115', '8030', 'ACTIVE', NOW(), NOW()),
       (136, '7031', 'Printers', 23, 'kg', 'HOOG', '6115', '8030', 'ACTIVE', NOW(), NOW()),
       (137, '7032', 'Beeldschermen', 23, 'kg', 'HOOG', '6115', '8030', 'ACTIVE', NOW(), NOW()),
       (138, '7033', 'Printplaten te sorteren', 23, 'kg', 'HOOG', '6115', '8030', 'ACTIVE', NOW(), NOW()),
       (139, '7034', 'Keuken apparatuur', 13, 'kg', 'HOOG', '6115', '8030', 'ACTIVE', NOW(), NOW()),
       (140, '7035', 'Hasteloy C22', 8, 'kg', 'HOOG', NULL, NULL, 'ACTIVE', NOW(), NOW()),
       (141, '7036', 'Monel 400', 8, 'kg', 'HOOG', NULL, NULL, 'ACTIVE', NOW(), NOW()),
       (142, '8000', 'Raffineer', 22, 'kg', 'HOOG', '6115', '8030', 'ACTIVE', NOW(), NOW()),
       (143, '8001', 'Raffineer hoogwaardig', 22, 'kg', 'HOOG', '6115', '8030', 'ACTIVE', NOW(), NOW()),
       (144, '8002', 'Raffineer laagwaardig', 22, 'kg', 'HOOG', '6115', '8030', 'ACTIVE', NOW(), NOW()),
       (145, '8003', 'Accu lood', 11, 'kg', 'HOOG', '6115', '8030', 'ACTIVE', NOW(), NOW()),
       (146, '8003*', 'Ram geheugen', 20, 'kg', 'HOOG', '6115', '8030', 'ACTIVE', NOW(), NOW()),
       (147, '8004', 'Automotoren mix', 11, 'kg', 'HOOG', '6115', '8030', 'ACTIVE', NOW(), NOW()),
       (148, '8005', 'CV Ketels', 17, 'kg', 'HOOG', '6115', '8030', 'ACTIVE', NOW(), NOW()),
       (149, '8006', 'Ketelblokken intergas', 17, 'kg', 'HOOG', '6115', '8030', 'ACTIVE', NOW(), NOW()),
       (150, '8007', 'Ijzer / Cu Koeler', 17, 'kg', 'HOOG', '6115', '8030', 'ACTIVE', NOW(), NOW()),
       (151, '8008', 'ALU / CU Koelers ijzervrij', 4, 'kg', 'HOOG', '6115', '8030', 'ACTIVE', NOW(), NOW()),
       (152, '8009', 'ALU / Cu Koelers maximaal 5% ijzer', 4, 'kg', 'HOOG', '6115', '8030', 'ACTIVE', NOW(), NOW()),
       (153, '8010', 'Tractie batterijen', 4, 'kg', 'HOOG', '6115', '8030', 'ACTIVE', NOW(), NOW()),
       (154, '8011', 'Lood', 4, 'kg', 'HOOG', '6115', '8030', 'ACTIVE', NOW(), NOW()),
       (155, '8012', 'Zink', 4, 'kg', 'HOOG', '6115', '8030', 'ACTIVE', NOW(), NOW()),
       (156, '8013', 'Wydia', 4, 'kg', 'HOOG', '6115', '8030', 'ACTIVE', NOW(), NOW()),
       (157, '8014', 'Katalysator', 11, 'kg', 'HOOG', '6115', '8030', 'ACTIVE', NOW(), NOW()),
       (158, '8015', 'Boilers Vuil', 22, 'kg', 'HOOG', '6115', '8030', 'ACTIVE', NOW(), NOW()),
       (159, '8016', 'Tin', 4, 'kg', 'HOOG', '6115', '8030', 'ACTIVE', NOW(), NOW()),
       (160, '8017', 'Letterlood', 9, 'kg', 'HOOG', '6115', '8030', 'ACTIVE', NOW(), NOW()),
       (161, '8018', 'Airco leeg/afgetapt', 13, 'kg', 'HOOG', '6115', '8030', 'ACTIVE', NOW(), NOW()),
       (162, '8019', 'Lampen HS 2000', 22, 'kg', 'HOOG', '6115', '8030', 'ACTIVE', NOW(), NOW()),
       (163, '8020', 'Armaturen', 22, 'kg', 'HOOG', '6115', '8030', 'ACTIVE', NOW(), NOW()),
       (164, '8021', 'Accu NICD', 4, 'kg', 'HOOG', '6115', '8030', 'ACTIVE', NOW(), NOW()),
       (165, '8022', 'Accu Lith-Ion', NULL, 'kg', 'HOOG', '6115', '8030', 'ACTIVE', NOW(), NOW()),
       (166, '8023', 'SHA<50 niet gedepollueerd', 23, 'kg', 'HOOG', '6115', '8030', 'ACTIVE', NOW(), NOW()),
       (167, '8024', 'SHA<50 gedepollueerd', 23, 'kg', 'HOOG', '6115', '8030', 'ACTIVE', NOW(), NOW()),
       (168, '8025', 'LHA>50 gedepollueerd', 22, 'kg', 'HOOG', '6115', '8030', 'ACTIVE', NOW(), NOW()),
       (169, '8027', 'SHA<50 Emix deels batterijhoudend', 23, 'kg', 'HOOG', '6115', '8030', 'ACTIVE', NOW(), NOW()),
       (170, '8028', 'LHA>50 Emix deels batterijhoudend', 22, 'kg', 'HOOG', '6115', '8030', 'ACTIVE', NOW(), NOW()),
       (171, '8029', 'Witgoed', 4, 'kg', 'HOOG', '6115', '8030', 'ACTIVE', NOW(), NOW()),
       (172, '8030', 'Lood kabel', 5, 'kg', 'HOOG', '6115', '8030', 'ACTIVE', NOW(), NOW()),
       (173, '8031', 'Warmtepomp', 17, 'kg', 'HOOG', NULL, NULL, 'ACTIVE', NOW(), NOW()),
       (174, '8032', 'Raffineer Fines', 22, 'kg', 'HOOG', NULL, NULL, 'ACTIVE', NOW(), NOW()),
       (175, '9000', 'Draaisel ijzer', 21, 'kg', 'HOOG', '6115', '8030', 'ACTIVE', NOW(), NOW()),
       (176, '9001', 'Draaisel RVS 304', 10, 'kg', 'HOOG', '6115', '8030', 'ACTIVE', NOW(), NOW()),
       (177, '9002', 'Draaisel RVS 316', 10, 'kg', 'HOOG', '6115', '8030', 'ACTIVE', NOW(), NOW()),
       (178, '9003', 'Draaisel aluminium', 19, 'kg', 'HOOG', '6115', '8030', 'ACTIVE', NOW(), NOW()),
       (179, '9004', 'Draaisel brons', 3, 'kg', 'HOOG', '6115', '8030', 'ACTIVE', NOW(), NOW()),
       (180, '9005', 'Draaisel Chroomstaal', 21, 'kg', 'HOOG', '6115', '8030', 'ACTIVE', NOW(), NOW()),
       (181, '9006', 'Draaisel Brons / Aluminium', 3, 'kg', 'HOOG', '6115', '8030', 'ACTIVE', NOW(), NOW()),
       (182, '9007', 'Draaisel Duplex', 10, 'kg', 'HOOG', '6115', '8030', 'ACTIVE', NOW(), NOW()),
       (183, '9008', 'Draaisel Inco 825', 10, 'kg', 'HOOG', '6115', '8030', 'ACTIVE', NOW(), NOW()),
       (184, '9009', 'Draaisel messing', 7, 'kg', 'HOOG', '6115', '8030', 'ACTIVE', NOW(), NOW()),
       (185, '9010', 'Draaisel SS430', 21, 'kg', 'HOOG', '6115', '8030', 'ACTIVE', NOW(), NOW()),
       (186, '9011', 'Draaisel Titanium', 4, 'kg', 'HOOG', '6115', '8030', 'ACTIVE', NOW(), NOW()),
       (187, '9012', 'Draaisel Raffineer', 9, 'kg', 'HOOG', '6115', '8030', 'ACTIVE', NOW(), NOW()),
       (188, '9013', 'Draaisel Koper', 6, 'kg', 'HOOG', '6115', '8030', 'ACTIVE', NOW(), NOW()),
       (189, '9014', 'Draaisel Koper Vertint', 6, 'kg', 'HOOG', '6115', '8030', 'ACTIVE', NOW(), NOW()),
       (190, '9015', 'Draaisel Koper Raffineer', 6, 'kg', 'HOOG', '6115', '8030', 'ACTIVE', NOW(), NOW()),
       (191, '9016', 'Draaisel/Spanen Aluminium', 19, 'kg', 'HOOG', '6115', '8030', 'ACTIVE', NOW(), NOW()),
       (192, '9020', 'Weelabex', 4, 'kg', 'HOOG', '6115', '8030', 'ACTIVE', NOW(), NOW()),
       (193, '9030', 'Afvoer vlak glas', 2, 'kg', 'HOOG', '6115', '8030', 'ACTIVE', NOW(), NOW()),
       (194, '9060', 'Afvoer grond/zand', 2, 'kg', 'HOOG', '6115', '8030', 'ACTIVE', NOW(), NOW()),
       (195, '9061', 'Afvoer B hout', 2, 'kg', 'HOOG', '8030', '8030', 'ACTIVE', NOW(), NOW()),
       (196, '9062', 'Afvoer Chemisch afval', 2, 'kg', 'HOOG', '8030', '8030', 'ACTIVE', NOW(), NOW()),
       (197, '9063', 'Afvoer C hout', 2, 'kg', 'HOOG', '8030', '8030', 'ACTIVE', NOW(), NOW()),
       (198, '9064', 'Afvoer BSA', 2, 'kg', 'HOOG', '8030', '8030', 'ACTIVE', NOW(), NOW()),
       (199, '9065', 'Aftrek (koel)Water', 2, 'kg', 'HOOG', '8030', '8030', 'ACTIVE', NOW(), NOW()),
       (200, '9066', 'Afvoer band(en)', 2, 'kg', 'HOOG', '8030', '8030', 'ACTIVE', NOW(), NOW()),
       (201, '9067', 'Aftrek vuil', 2, 'kg', 'HOOG', '8030', '8030', 'ACTIVE', NOW(), NOW()),
       (202, '9068', 'Vuil toeslag', 4, 'kg', 'HOOG', '8030', '8030', 'ACTIVE', NOW(), NOW()),
       (203, '9069', 'Vlak Glas', 4, 'kg', 'HOOG', '6115', '8030', 'ACTIVE', NOW(), NOW()),
       (204, 'ARBEID', 'Arbeid sorteren', NULL, 'kg', 'HOOG', '8015', '8015', 'ACTIVE', NOW(), NOW()),
       (205, 'COMM', 'Commissie over afhaling', 4, 'kg', 'HOOG', '6115', '8030', 'ACTIVE', NOW(), NOW()),
       (206, 'CONT', 'Huur container', 4, 'kg', 'HOOG', '8015', NULL, 'ACTIVE', NOW(), NOW()),
       (207, 'COR', 'Correctie', NULL, 'kg', 'HOOG', NULL, NULL, 'ACTIVE', NOW(), NOW()),
       (208, 'E1/01', 'Koel- en vriesapparatuur (huishoudelijk)', 13, 'kg', 'HOOG', NULL, NULL, 'ACTIVE', NOW(), NOW()),
       (209, 'E1/02', 'Wasdrogers (met warmtepomp)', 13, 'kg', 'HOOG', NULL, NULL, 'ACTIVE', NOW(), NOW()),
       (210, 'E1/03', 'Airco-apparatuur (los)', 13, 'kg', 'HOOG', NULL, NULL, 'ACTIVE', NOW(), NOW()),
       (211, 'E1/04', 'Airco-apparatuur (inbouw) en warmtepomp', 13, 'kg', 'HOOG', NULL, NULL, 'ACTIVE', NOW(), NOW()),
       (212, 'E1/06', 'Automaten (gekoeld)', 13, 'kg', 'HOOG', NULL, NULL, 'ACTIVE', NOW(), NOW()),
       (213, 'E2/01', 'TVs en displays (flatscreen)', 14, 'kg', 'HOOG', NULL, NULL, 'ACTIVE', NOW(), NOW()),
       (214, 'E2/02', 'Monitoren (flatscreen)', 14, 'kg', 'HOOG', NULL, NULL, 'ACTIVE', NOW(), NOW()),
       (215, 'E2/03', 'Laptops*', 14, 'kg', 'HOOG', '6115', '8030', 'ACTIVE', NOW(), NOW()),
       (216, 'E2/04', 'Tablets en navigatiesystemen*', 14, 'kg', 'HOOG', NULL, NULL, 'ACTIVE', NOW(), NOW()),
       (217, 'E3/04', 'Ledlampen (incl. Led TL)*', 15, 'kg', 'HOOG', NULL, NULL, 'ACTIVE', NOW(), NOW()),
       (218, 'E3/05', 'Spaar- en gasontladingslampen*', 15, 'kg', 'HOOG', NULL, NULL, 'ACTIVE', NOW(), NOW()),
       (219, 'E3/06', 'TL-lampen (excl. Led TL)*', 15, 'kg', 'HOOG', NULL, NULL, 'ACTIVE', NOW(), NOW()),
       (220, 'E4/01', 'Afzuigkappen', 17, 'kg', 'HOOG', '6115', '8030', 'ACTIVE', NOW(), NOW()),
       (221, 'E4/02', 'Barbecues, grill-en kookplaten (>50cm)', 17, 'kg', 'HOOG', NULL, NULL, 'ACTIVE', NOW(), NOW()),
       (222, 'E4/03', 'Magnetrons en oven', 17, 'kg', 'HOOG', NULL, NULL, 'ACTIVE', NOW(), NOW()),
       (223, 'E4/04', 'Fornuizen', 17, 'kg', 'HOOG', NULL, NULL, 'ACTIVE', NOW(), NOW()),
       (224, 'E4/05', 'Vaatwassers', 17, 'kg', 'HOOG', NULL, NULL, 'ACTIVE', NOW(), NOW()),
       (225, 'E4/06', 'Wasmachines', 17, 'kg', 'HOOG', '6115', '8030', 'ACTIVE', NOW(), NOW()),
       (226, 'E4/07', 'Drogers', 17, 'kg', 'HOOG', NULL, NULL, 'ACTIVE', NOW(), NOW()),
       (227, 'E4/08', 'Huishoud-, keuken- en verzorgingsapparatuur(>50cm)', 17, 'kg', 'HOOG', NULL, NULL, 'ACTIVE', NOW(), NOW()),
       (228, 'E4/09', 'Stofzuigers en vloerenreinigers (>50 cm)', 17, 'kg', 'HOOG', NULL, NULL, 'ACTIVE', NOW(), NOW()),
       (229, 'E4/10', 'Ketels, boilers en geisers (>50 cm)', 17, 'kg', 'HOOG', NULL, NULL, 'ACTIVE', NOW(), NOW()),
       (230, 'E4/11', 'Zonnebanken', 17, 'kg', 'HOOG', NULL, NULL, 'ACTIVE', NOW(), NOW()),
       (231, 'E4/12', 'Venti,recirculatie, luchtbeh. instal >50 cm->150m3', 17, 'kg', 'HOOG', NULL, NULL, 'ACTIVE', NOW(), NOW()),
       (232, 'E4/13', 'Venti,recirculatie, luchtbeh. instal >50 cm-<150m3', 17, 'kg', 'HOOG', NULL, NULL, 'ACTIVE', NOW(), NOW()),
       (233, 'E4/14', 'Venti,recirculatie, verwarmingsapparatuur>50cm los', NULL, 'kg', 'HOOG', NULL, NULL, 'ACTIVE', NOW(), NOW()),
       (234, 'E4/15', 'Verwarmings- en warmwaterapparatuur >50cm - inbouw', 17, 'kg', 'HOOG', NULL, NULL, 'ACTIVE', NOW(), NOW()),
       (235, 'E4/16', 'Grootkeukenapparatuur (ongekoeld)', 17, 'kg', 'HOOG', NULL, NULL, 'ACTIVE', NOW(), NOW()),
       (236, 'E4/17', 'Automaten (ongekoeld)', 17, 'kg', 'HOOG', NULL, NULL, 'ACTIVE', NOW(), NOW()),
       (237, 'E4/18', 'Textielbewerkingsapparatuur (>50cm)', NULL, 'kg', 'HOOG', NULL, NULL, 'ACTIVE', NOW(), NOW()),
       (238, 'E4/19', 'Elektrische muziekinstrumenten (>50cm)', 17, 'kg', 'HOOG', NULL, NULL, 'ACTIVE', NOW(), NOW()),
       (239, 'E4/20', 'Elek. speelgoed, ontspan, sportapparatuur (>50cm)', 17, 'kg', 'HOOG', NULL, NULL, 'ACTIVE', NOW(), NOW()),
       (240, 'E4/21', 'Medische apparatuur (>50cm)', 17, 'kg', 'HOOG', NULL, NULL, 'ACTIVE', NOW(), NOW()),
       (241, 'E4/22', 'Meet- en regelapparatuur (>50cm)*', 17, 'kg', 'HOOG', NULL, NULL, 'ACTIVE', NOW(), NOW()),
       (242, 'E4/23', 'Audio-en videoapparatuur (>50cm)', 17, 'kg', 'HOOG', NULL, NULL, 'ACTIVE', NOW(), NOW()),
       (243, 'E4/24', 'I(C)T- en kantoorapparatuur (>50cm)-huishoudelijk*', 17, 'kg', 'HOOG', NULL, NULL, 'ACTIVE', NOW(), NOW()),
       (244, 'E4/25', 'I(C)T-en kantoorapparatuur (>50cm)-professioneel', 17, 'kg', 'HOOG', NULL, NULL, 'ACTIVE', NOW(), NOW()),
       (245, 'E4/26', 'Armaturen voor TL-,spaar- en gasont.lampen(>750g)*', 17, 'kg', 'HOOG', NULL, NULL, 'ACTIVE', NOW(), NOW()),
       (246, 'E4/27', 'Armaturen met geintegreerde led (>750g)*', 17, 'kg', 'HOOG', NULL, NULL, 'ACTIVE', NOW(), NOW()),
       (247, 'E4/28', 'Armaturen voor verwisselbare led (>750 gram)*', 17, 'kg', 'HOOG', NULL, NULL, 'ACTIVE', NOW(), NOW()),
       (248, 'E4/29', 'Elektrisch gereedschap (>50cm)', 17, 'kg', 'HOOG', NULL, NULL, 'ACTIVE', NOW(), NOW()),
       (249, 'E4/32', 'Zonnepanelen*', 17, 'kg', 'HOOG', NULL, NULL, 'ACTIVE', NOW(), NOW()),
       (250, 'E4/33', 'Elektrische fietsen', 17, 'kg', 'HOOG', NULL, NULL, 'ACTIVE', NOW(), NOW()),
       (251, 'E4/34', 'Open Scope app >50cm-zonder primaire elek. functie', 17, 'kg', 'HOOG', NULL, NULL, 'ACTIVE', NOW(), NOW()),
       (252, 'E5/01', 'Barbecues, grill-en kookplaten (<50cm)', 22, 'kg', 'HOOG', NULL, NULL, 'ACTIVE', NOW(), NOW()),
       (253, 'E5/02', 'Magnetrons en ovens (<50cm)', 22, 'kg', 'HOOG', NULL, NULL, 'ACTIVE', NOW(), NOW()),
       (254, 'E5/03', 'Huishoud-,keuken- en verzorgingsapp. (<50cm)', 22, 'kg', 'HOOG', NULL, NULL, 'ACTIVE', NOW(), NOW()),
       (255, 'E5/04', 'Stofzuigers en vloerreinigers (<50cm)', 22, 'kg', 'HOOG', NULL, NULL, 'ACTIVE', NOW(), NOW()),
       (256, 'E5/05', 'Ketels, boilers en geisers (<50cm)', 22, 'kg', 'HOOG', NULL, NULL, 'ACTIVE', NOW(), NOW()),
       (257, 'E5/06', 'Venti,recirculatie, luchtbeh. instal <50 cm-<150m3', 22, 'kg', 'HOOG', NULL, NULL, 'ACTIVE', NOW(), NOW()),
       (258, 'E5/07', 'Venti,recirculatie, luchtbeh. instal <50 cm->150m3', 22, 'kg', 'HOOG', NULL, NULL, 'ACTIVE', NOW(), NOW()),
       (259, 'E5/08', 'Venti,recirculatie, warmwaterappa.(<50cm-los)', 22, 'kg', 'HOOG', NULL, NULL, 'ACTIVE', NOW(), NOW()),
       (260, 'E5/09', 'Verwarmings-en warmwaterapparatuur (<50cm-inbouw)', 22, 'kg', 'HOOG', NULL, NULL, 'ACTIVE', NOW(), NOW()),
       (261, 'E5/10', 'Textielbewerkingsapparatuur (<50cm)', 22, 'kg', 'HOOG', NULL, NULL, 'ACTIVE', NOW(), NOW()),
       (262, 'E5/11', 'Elektrische muziekinstrumenten (<50cm)', 22, 'kg', 'HOOG', NULL, NULL, 'ACTIVE', NOW(), NOW()),
       (263, 'E5/12', 'Spelcomputers', 22, 'kg', 'HOOG', NULL, NULL, 'ACTIVE', NOW(), NOW()),
       (264, 'E5/13', 'Elektrisch speelgoed, ontspan en sportapp. (<50cm)', 22, 'kg', 'HOOG', NULL, NULL, 'ACTIVE', NOW(), NOW()),
       (265, 'E5/14', 'Medische apparatuur (<50cm)', 22, 'kg', 'HOOG', NULL, NULL, 'ACTIVE', NOW(), NOW()),
       (266, 'E5/15', 'Meet- en regelapparatuur (<50cm)*', 22, 'kg', 'HOOG', NULL, NULL, 'ACTIVE', NOW(), NOW()),
       (267, 'E5/16', 'Audio- en videoapparatuur (<50cm)', 22, 'kg', 'HOOG', NULL, NULL, 'ACTIVE', NOW(), NOW()),
       (268, 'E5/17', 'Armaturen voor TL-,spaar- en gasont.lampen(<750g)*', 22, 'kg', 'HOOG', NULL, NULL, 'ACTIVE', NOW(), NOW()),
       (269, 'E5/18', 'Armaturen met geintegreerde led (<750g)*', 22, 'kg', 'HOOG', NULL, NULL, 'ACTIVE', NOW(), NOW()),
       (270, 'E5/19', 'Armaturen voor verwisselbare led (<750 gram)*', 22, 'kg', 'HOOG', NULL, NULL, 'ACTIVE', NOW(), NOW()),
       (271, 'E5/20', 'Elektrisch gereedschap (<50cm)', 22, 'kg', 'HOOG', NULL, NULL, 'ACTIVE', NOW(), NOW()),
       (272, 'E5/22', 'Open Scope app <50cm-zonder primaire elek. functie', 22, 'kg', 'HOOG', NULL, NULL, 'ACTIVE', NOW(), NOW()),
       (273, 'E6/01', 'Mobiele telefoons*', 23, 'kg', 'HOOG', NULL, NULL, 'ACTIVE', NOW(), NOW()),
       (274, 'E6/02', 'Desktop computers*', 23, 'kg', 'HOOG', NULL, NULL, 'ACTIVE', NOW(), NOW()),
       (275, 'E6/03', 'Printers en scanners*', 23, 'kg', 'HOOG', NULL, NULL, 'ACTIVE', NOW(), NOW()),
       (276, 'E6/04', 'I(C)T-en kantoorapparatuur (<50cm-huishoudelijk)*', 23, 'kg', 'HOOG', NULL, NULL, 'ACTIVE', NOW(), NOW()),
       (277, 'E6/06', 'I(C)T-en kantoorapparatuur (<50cm-professioneel)*', 23, 'kg', 'HOOG', NULL, NULL, 'ACTIVE', NOW(), NOW()),
       (278, 'INGEKO', 'Van u ingekocht diverse soorten metalen', 4, 'kg', 'HOOG', NULL, NULL, 'ACTIVE', NOW(), NOW()),
       (279, 'KRAAN', 'Sorteren met kraan', NULL, 'kg', 'HOOG', '6115', '8015', 'ACTIVE', NOW(), NOW()),
       (280, 'LOODS', 'tbv loodswegingen', 4, 'kg', 'HOOG', '6115', '8030', 'ACTIVE', NOW(), NOW()),
       (281, 'PAL', 'Pallets', 4, 'kg', 'HOOG', '6115', '8030', 'ACTIVE', NOW(), NOW()),
       (282, 'PRINT', 'Printplaten Aluminium', 23, 'kg', 'HOOG', '6115', '8030', 'ACTIVE', NOW(), NOW()),
       (283, 'PVCGRA', 'PVC Granulaat', NULL, 'kg', 'HOOG', '0', '0', 'ACTIVE', NOW(), NOW()),
       (284, 'TRANGR', 'Transport per uur', 12, 'kg', 'HOOG', '8015', '8015', 'ACTIVE', NOW(), NOW()),
       (285, 'TRANKL60', 'Transport Klein per uur', 12, 'kg', 'HOOG', '8015', '8015', 'ACTIVE', NOW(), NOW()),
       (286, 'TRANKL30', 'Transport Klein per half uur', 12, 'kg', 'HOOG', '8015', '8015', 'ACTIVE', NOW(), NOW()),
       (287, 'TRANKW', 'Transport per 15 min', 12, 'kg', 'HOOG', '8015', '8015', 'ACTIVE', NOW(), NOW()),
       (288, 'TRANSH', 'Transport per 30 min', 12, 'kg', 'HOOG', '8015', '8015', 'ACTIVE', NOW(), NOW()),
       (289, 'UITZOE', 'Uit te zoeken', 4, 'kg', 'HOOG', '6115', '8030', 'ACTIVE', NOW(), NOW());
